Stemmed User Reviews,Labels
"['excruciatingli', 'aw']",-1
"['happen', '']",0
"['worst', 'one', 'yet', '']",-1
"['fast', 'x']",0
"['liter', 'thought', 'parodi', 'skit', 'snl', '']",-1
"['need', 'stop']",-1
"['comic', 'bad']",-1
"['', 'aveng', '', 'meet', '', 'fast', 'furiou', '', 'everyth', 'goe', 'wrong']",-1
"['toretto', 'start', 'play', 'rocket', 'leagu', 'middl', 'itali', '']",0
"['jason', 'momoa', 'give', 'one', 'embarrass', 'perform', 'film', 'histori']",-1
"['void', 'car', 'action']",-1
"['ca', 'nt', 'wait', 'franchis', '']",-1
"['', 'famili']",0
"['could', 'nt', 'even', 'put', 'effort', 'better', 'titl']",-1
"['total', 'disrespect', 'fan']",-1
"['absolut', 'piec', 'crap', 'even', 'end', '', '', '']",-1
"['weak', 'fantasi', 'car']",-1
"['entertain', 'part', 'movi', 'chatgpt', '1010', 'review']",-1
['heck'],-1
"['bad', '']",-1
"['end', 'road', 'begin', 'badli']",-1
"['left', 'furiou']",-1
"['miss', 'old', 'fast', 'furiou']",-1
"['even', 'f', '', 'f', '', 's', 'mess']",-1
"['keep', 'get', 'worst', 'worst', '']",-1
"['refresh', 'take', 'action', 'thriller']",1
"['pulsat', 'romanc', 'thriller']",1
"['definit', 'interest', 'suspens', 'movi', '', 'lack', 'brillianc', 'hope', '']",1
"['great', 'look', '', 'dull', 'dishwat', '']",0
"['plotlov', 'need', 'look', 'elsewher']",-1
['averag'],0
"['', 'unabl', 'endur', 'boredom', '', 'work', '', '']",-1
"['bore', 'movi', 's', 'style', 'substanc']",-1
"['incred', 'slow', '', 'predict', 'noth', 'ordinari', '']",-1
"['s', '', 'fine', '']",0
"['yeah', '', 'nah', '']",-1
"['empathi', 'weak']",0
"['vacuou', 'unnecessari']",-1
"['portrait', 'psychopath', '']",0
"['bore', 'death']",-1
['dreari'],-1
"['someth', 's', 'miss']",-1
"['assassin', 've', 'seen', 'great', 'director', '']",0
['overr'],-1
"['anoth', 'winner', 'fincher']",1
"['fun', 'ride', 'escal']",-1
"['slick', '', 'smart', '', 'slim']",1
['empti'],-1
"['cowbel', '', 'less', 'narrat']",0
"['yawn', '', 'blood', '', 'yawn', '', 'gore', '', 'yawn', '']",-1
"['complet', 'underwhelm', '', 'slick', 'product', 'foil', 'weak', 'stori']",-1
"['uniqu', 'thriller', 'say', 'least']",1
"['re', 'mission', '']",0
"['s', 'blue', '']",0
"['one', 'favourit', 'movi']",1
"['plot', '', 'plot', '', 'nt', 'care']",0
"['nt', 'miss', 'comedi', 'like', '']",1
"['utterli', 'ridicul', '', '', 's', 'whole', 'point', '']",0
"['someon', 'found', 'fountain', 'youth', 'dous', 'babi', '', 'caus', 'sure', 'ai', 'nt', 'get', 'old']",0
"['quit', 'possibl', 'john', 'landi', 's', 'best', 'film']",1
"['take', 'long', 'watch', '']",1
['classic'],1
"['nitro', 'glycerin']",0
"['true', 'classic', '', 'comedi', 'way', '', 'funni']",1
"['s', 'real']",0
"['movi', 'like', 'ever', 'made', '', 'perman', 'classic', '']",1
"['blue', 'brother', 'god', 's', 'servic', 'cop', 'neonazi', '', '', '']",1
"['hell', '', 'blue', 'brother', '', 'the', 'top', '250', '', '']",1
"['smile', 'almost', 'time']",1
"['one', '', 'blue', 'brother']",1
"['great', 'music', 'peopl', 'nt', 'like', 'music', '']",0
"['wild', '', 'music', 'comedi', '', 'offer', 'longlast', 'fun', 'excit', '']",1
"['', 're', 'mission', 'god', '']",0
"['critiqu', 'critic']",1
"['wild', '', 'crazi', 'ride']",0
"['eccentr', 'cult', 'classic']",1
"['blame', 'penguin', '']",0
"['run', 'blockbust', '', 'check', '']",1
"['face', '', 'noth', 'worri']",0
"['fun', '', 'entertain', '', 'comedi', 'noisi', 'action', 'nostalg', 'team']",1
"['need', 'sequel', '', 'movi', 'surviv', 'time', 'test', '', 'joy', 'watch', 'even', 'year']",1
"['best', 'film', 'could', 'ask', '', 'ateam', '', 'adapt']",1
"['love', 'movi', 'come', 'togeth']",1
['ateam'],1
"['overblown', '', 'superexagger', 'trash', '', 'love', 'everi', 'minut']",1
"['solidli', 'entertain', 'action', 'movi', '', 'nt', 'think', 'hard', 'plausibl', '']",1
"['piti', 'fool', 'nt', 'enjoy', 'film']",1
['cteam'],0
['bang'],0
"['ridicul', 'action', 'get', 'tiresom']",-1
"['ateam', '1000', 'word', '', 'overkil', 'underr']",1
"['definit', 'dumb', 'summer', 'fun']",1
"['bad', 'nt', 'success', 'enough', 'warrrant', 'sequel']",1
"['ateam', '', 'good', 'bmovi']",1
"['miss', 'goofbal', 'charm']",0
"['film', 'well', 'worth', 'watch']",1
"['enjoy', 'reboot', 'classic', '80', 'tv', 'seri']",1
"['love', 'plan', 'come', 'togeth', '', 'simpl', '', 'short', 'review', '']",1
['ateam'],0
"['4', 'charasmat', 'lead', 'good', 'chemistri', 'servic', 'noisi', '', 'bloat', 'mess', 'movi', '']",0
"['like', 'dteam']",-1
"['fool', '', 'fli', 'fall', 'tank', '']",0
"['circl', 'quit', 'golden', '', 'nt', 'collaps']",0
"['long', '', 'bore', 'overr']",-1
"['silli', 'sequel', '', '10', 'top', 'reason', 'watch', 'crap', '']",-1
"['fun', '', 'feel', 'like', 'fifth', 'film', 'franchis', 'struggl', 'maintain', 'relev', '', 'followup', 'perhap', 'promis', 'new', 'properti', 'hollywood', '']",-1
"['matthew', 'maketh', 'mess', '']",-1
"['great', 'cast', '', 'pretti', 'aw', 'movi']",-1
"['satir', 'spi', 'action', 'hijink', '']",-1
"['hyperbol', '', 'brandadvertis', 'inordin', 'smug', 'hotchpotch', 'halfbak', 'cash', 'cow']",-1
"['much', 'cgi', 'annoy', 'joke']",-1
"['entertain', '', 'never', 'quit', 'reach', 'height', 'predecessor']",0
['disappoint'],-1
"['good', 'origin', 'still', 'entertain']",0
"['foul', 'witless', 'trivial', 'overblown', 'dumb', 'bore', 'rot', 'piffal']",-1
"['take', 'low', 'road']",-1
"['nt', 'get', 'wors']",-1
"['solid', 'followup', '2015', 'film']",0
"['lame', '', 'forc', 'comedi', 'fill', 'instantli', 'forgett', 'sequel']",-1
"['bummer', '']",-1
"['kingsman', 'golden', 'circl', '', 'stuff', 'good', '']",-1
"['lesser', 'sequel']",-1
"['feel', 'like', 'tornado', 'trailer', 'park', '']",-1
"['overlong', '', 'flashi', 'cgi', 'driven', 'nonsens']",-1
"['rubbish', '', '']",-1
"['feel', 'good', 'comedi', 'spi', 'film', 'lot', 'adventur']",1
"['kingsman', '', 'golden', 'circl']",0
"['rather', 'enjoy', '']",1
"['surprisingli', '', 's', 'bad', '', 'guy']",0
"['one', 'best', 'anim', 'experi']",1
"['fun', 'entir', 'fam', '']",1
"['anim', 'gem', '']",1
"['bad', 'guy', 'taught', 'us', 'one', 'thing', '', 'never', 'judg', 'film', 'trailerpost', '']",1
"['deserv', 'dreamwork', '', 'next', 'big', 'franchis', '']",1
"['fun', '', 'charact', 'driven', 'movi', 'work', '', 'even', 'fault', 'definit']",1
"['better', 'cake']",1
"['surprisingli', 'good']",1
"['bad', 'guy', 'good', '']",1
"['actual', 'one', '']",0
"['overnight', 'viral', 'sensat', '']",1
"['return', 'form', 'dreamwork', '']",1
"['style', '']",1
"['fun', '', 'action', '', 'laugh', '', 'lot', 'crime', 'film', 'homag']",1
"['great', 'anim', 'movi']",1
"['bad', 'bad', 'guy']",1
"['knew', 'good']",1
['fun'],1
"['listen', '', 'm', '51', 'year', 'old', 'male', '']",0
"['predictableclich', 'watchabl', '']",0
"['bad', '', 'get', '']",1
"['bad', 'guy', 'rob', 'box', 'offic', 'best', 'bad', 'guy', 'know', 'm', 'say']",1
"['love', 'film', '', 'great', 'famili', 'film', '']",1
"['mainstream', 'comedi', 'done', 'right']",1
"['movi', 'review', '', 'game', 'night']",0
"['better', 'funnier', 'thought', 'would', '', 'let', 's', 'game', 'night', '']",1
"['win', 'comedi']",1
"['classic', 'comedi', 'thriller', 'brilliant', 'dialogu', 'memor', 'charact', '']",1
"['entertain', 'averag', 'board', 'game']",1
"['movi', 'play', 'card', 'right', '']",1
"['funni', '', 'funni', 'movi', '', 'rachel', 'mcadam', 'great', '']",1
"['small', 'surpris']",1
"['legitim', 'hilari', 'comedi', 'surprisingli', 'strong', 'peripher', 'plot', '', 'game', 'night', 'way', 'much', 'fun', 'love']",1
"['vulgar', '', 'violent', '', 'solidli', 'rrate', 'comedi', 'nevertheless', 'sophist', 'rather', 'gross', '']",1
"['could', 'nt', 'stop', 'laugh']",1
"['surprisingli', 'funni']",1
"['game', 'set', 'match', '']",1
"['fun', 'film']",1
"['amus', 'adultsonli', 'comedi', '', 'game', 'changer', '']",1
"['fun', '', 'time', 'genuin', 'funni', '', 'alway', 'entertain', '']",1
"['nt', 'listen', 'bad', 'review', '', 'pretti', 'good', 'comedi']",1
"['', 'game', 'night', '', 'winner', '']",1
"['hilari', '', 'stupid', '', 'lot', 'fun', '']",1
"['jason', 'bateman', 'shine']",1
"['love', 'good', '', 'game', 'night', '', '']",1
"['night', 'game', 'one', 'nt', 'want', 'miss']",1
"['funni', 'hint', 'unpredict']",1
"['hilari', 'watch', '']",1
"['fan', 'milli', 'bobbi', 'brown']",1
"['sherlock', 'holm', 'fan', '', 'bad', 'either', '']",0
"['cute', 'littl', 'movi']",1
"['perfect', '15', 'yro', 'girl']",1
"['man', 'love', 'movi', '']",1
"['could', 'much', '']",0
"['fun', '', 'sweet', 'uplift']",1
"['oh', 'ironi', '']",0
"['target', 'audienc']",-1
"['charm', 'film', '', 'good', 'whole', 'famili', '']",1
"['bit', 'lost']",0
"['milli', 'bobbi', 'brown', 'solv', 'dull', 'mysteri', 'netflix', 's', 'disappoint', 'enola', 'holm']",1
"['famili', 'entertain']",1
"['s', 'good', 'famili', 'fun', '', 'taken', 'serious', '']",1
"['teen', 'version', 'guy', 'ritchi', 'genr']",1
"['pleas', 'make', 'sequel']",1
"['fastpac', 'forgett', 'addit', 'sherlock', 'cannon']",-1
"['milli', 'enola']",0
"['m', 'woman']",0
"['one', 'purist']",-1
"['bit', 'bore']",-1
"['enola', 'holm']",0
"['', 'fun', 'famili', '', 'fandom', '', '', '']",1
"['break', 'fourth', 'wall', 'femin']",1
"['rate', 'higher', '']",1
"['sure', 'fan', 'favorit', '', 'full', 'classic', 'crime', 'fight', 'battl', 'well', 'heartfelt', 'messag']",1
"['recent', 'turn', '30', 'day', 'ago', 'realli', 'enjoy', 'leagu', 'superpet']",1
"['think', 'adult', 'like']",1
"['keep', 'mind', 's', 'adult', '', 'great', 'children', 's', 'film', '']",1
"['surprisingli', 'compet', 'charm']",1
['multipaw'],1
"['lot', 'fun', '']",1
"['superpet', 'review', '', 'surpris']",1
"['fun', 'movi', 'watch', '']",1
"['famili', 's', 'best', 'friend', 'fun', 'movi', 'go']",1
"['would', 'expect', '']",1
['dcu'],1
"['fun', 'cute']",1
"['one', 'best', 'dc', 'film', 'ever']",1
"['secret', 'live', 'pet', 'get', 'mix', 'dc', 'univers']",1
"['funni', 'hell']",1
"['pet', 'take', 'hero']",1
"['fun', 'adult', 'well', 'kid', '']",1
"['m', 'sure', 'guinea', 'pig', 'could', 'make', 'anyon', '', '', '']",0
"['much', 'love', 'superpet', '', '', '']",1
['weak'],-1
"['fun', 'film', 'great', 'time', '']",1
"['dc', 'stirk', '', '']",1
"['krypto', 'movi', 'need', 'made']",1
"['big', 'laugh', '', 'big', 'fun', '', 'lot', 'heart', '', 'poor', 'man', 's', 'secret', 'life', 'pet', '']",1
"['ca', 'nt', 'find', 'wow', 'factor']",-1
"['big', 'giant', 'mess', '']",-1
['mess'],-1
['410'],-1
"['caricatur', 'movi']",-1
"['disappear', 'mind', 'soon', 's']",-1
"['term', 'plot', '', 'complet', 'mess']",-1
"['unbeliev', '', 'good', 'way']",-1
"['miss', '', 'magic', '', 'first', '', 'still', 'entertain']",0
"['good', 'sequel', 'full', 'twist', 'fun']",1
"['cheaper', 'way', 'get', 'sleep']",-1
['disappoint'],-1
"['plastic', 'fantast', '', 'bore', 'unbeliev']",-1
"['love', '']",1
"['review', 'fake', '', 'big', 'name', 'nt', 'help', 'bad', 'movi']",-1
"['', 'go', 'show', 'peopl', 'never', 'forget', '', '']",1
"['throw', 'logic', 'realism']",-1
"['autist', 'review', 'opinion', 'movi', '']",-1
"['good', 'first', 'one', 'good', 'enough']",0
"['dull', '', 'cheap', 'near', 'prequel']",-1
"['spoilerfre', 'review']",0
['inarticul'],-1
"['see', '2']",0
"['see', '2', '', 'review', '', 'cash', 'grab']",-1
"['nysm2', 'liter', 'fatal', 'misdirect', 'littl', 'way', 'fresh', 'excit', '']",-1
"['hardcor', 'comedi', 'adult', '']",0
"['sicken', '', 'deprav', '', 'disgust', '', 'hilari', '']",0
"['mix', 'bag', 'outrag', 'humor']",0
"['pueril', 'comedi', 'slapstick', '', 'love', '']",1
"['man', 'know', 'funni']",1
"['nonstop', 'gag', '']",1
"['either', 'rais', 'lower', 'bar', 'filth']",0
"['scene', 'movi', 'never', 'unse', '', 'said', '', 'realli', 'realli', 'enjoy', 'recommend', '']",1
"['liam', 'gallagh', 's', 'best', 'role', 'date', '']",1
"['grimsbi', 'funni', 'one', '']",1
"['incred', 'raunchi', '', 'silli', 'yet', 'laugh', 'time']",1
"['laugh', 'much', 'cinema', 'sinc', 'parol', 'offic']",1
"['love', 'hate']",0
"['spi', 'satir', 'gamestyl', 'stori']",1
"['take', 'gross', 'new', 'depth']",-1
"['grim', 'good']",1
"['s', 'noth', 'grim', '', 'grimsbi', '']",0
"['funniest', 'move', 'year', 'kill', 'bad', 'market', 'poor', 'studio', 'choic']",1
"['first', 'll', 'rub', 'eye', '', 'll', 'need', 'wash']",-1
"['happen', 'oncebrav', 'comedian', 'conform', 'mainstream', 'standard']",-1
"['s', 'bonker', '']",-1
"['clumsi', '', 'rude', 'funni']",0
"['ye', 'stupid', 'funni', '']",0
"['atroci', 'everi', 'way']",-1
"['excel', 'gut', 'bust', 'humor', 'sensit', 'folk', 'stick', 'pg', 'pc']",1
"['fast', '', 'furiou', '6', 'best', 'film', 'franchis', 'love', 'death', '']",1
"['build', 'upon', 'win', 'blockbust', 'formula', 'fast', 'five', '']",1
"['', 'vehicular', 'warfar', '', '']",1
['beastli'],1
"['hail', '', 'hail', 'gang', 's', '', 'minu', 'one']",1
"['fast', '', 'furiou', '6']",1
"['brainless', 'overr', '', 'longest', 'takeoff', 'strip', 'world']",-1
"['pretti', 'ace', 'film', '']",1
"['big', 'movi', 'fun', 'time', '']",1
"['movin', '', '']",1
"['inde', 'guy', 's', 'movi', '']",0
"['bold', 'imagin', 'beauti', 'execut', 'exhilar', 'car', 'chase', 'ever', 'done', 'film', 'make', 'unequivoc', 'franchis', 'best', 'thu', 'far']",1
"['nt', 'get', 'previou', 'instal', 'well', 'receiv', '', 're', 'utterli', 'stupid', '']",-1
"['pure', 'entertain']",1
"['fast', 'car', '', 'tank', 'plane', 'oh']",1
"['incred', '', 'thoroughli', 'enjoy', '']",1
"['whole', 'new', 'stratospher', 'action', '', '', 'f', '', 'f6', '', 'start', 'separ', 'junki', 'need', 'substanc']",1
"['physic', 'defi', 'entertain']",1
"['amazingli', 'faster', 'furiou', 'ever']",1
"['thrill', 'ride', 'par', 'excel']",1
"['action', 'franchis', 'nt', 'ga', 'yet']",1
"['idl', 'furiou', '', 'need', 'tuneup']",-1
"['number', '6', 'winner']",1
"['life', 'speed', 'famili', 'two', 'best', 'thing']",1
"['ok', '']",0
"['ok', '', 'll', 'confess', '', 'movi', 'definit', 'junk', 'food', 'mind', '', 'like', 'eat', 'twinki', '', 'fun', 'watch']",0
"['small', 'movi', 'big', 'heart', 'highli', 'underr']",1
"['flaw', 'fun']",1
['underr'],1
"['thought', 'decent']",0
"['well', 'made', 'action', 'movi', 'air', 'mystiqu']",1
"['loner', 'assassin', 'face', 'supernatur', 'warrior', 'impress', 'fight', 'breathtak', 'action']",1
"['star', '', 'jennif', 'garner', '', 'make', 'worthwhil']",1
"['lusciou', 'ladi', 'red']",0
"['noth', 'valu', '', 'pretti', 'much', 'templat', 'make', 'bad', 'actionsuperhero', 'movi']",0
"['insan', 'fun', 'entic', 'movi']",1
"['intens', '']",1
"['superb', 'difficult', '', 'comic', 'book', 'film']",1
"['jennif', 'garner', 'spectacular', 'elektra', '', 'bob', 'sapp', 'rule', '', '']",1
"['better', 'expect']",1
"['second', 'life', '', 'second', 'chanc']",1
"['great', 'entertain', 'film']",1
['mess'],-1
"['poor', 'man', 's', 'daredevil', '']",1
"['boy', 's', 'ponder', 'take', 'girl', 'power']",0
"['weak', 'vehicl']",-1
"['electra', 'know', '']",-1
"['specialeffect', 'extravaganza', '', 'lack', 'stori', 'charact', 'develop', '', 'visual', 'stun', 'surreal', 'atmospher', 'terrif', 'action', 'sequenc', '', 'thumb', '']",-1
"['everyon', 'look', 'pain']",-1
"['ok', 'film']",0
"['eye', 'candi', 'nobrain', 'fun', 'watch']",1
"['s', 'fun', '']",1
"['music', 'video', 'entertain']",-1
"['highspirit', '', 'infecti', 'ridicul']",1
"['golden', 'turkey', 'award', 'nomin']",-1
"['silli', '', 'quit', 'enjoy', 're', 'mood', '']",0
"['charli', 'would', 'approv', '']",1
"['', 'angel', 'conclud', 'broadcast', 'day', '']",1
"['solid', 'fun']",1
"['simpli', 'brilliantli', 'silli', 'fun', 'make', 'smile', 'everi', 'time', 'watch', '']",1
['chad'],1
"['plain', 'fun', '']",1
"['enjoy', 'movi', 'also', 'littl', 'silli']",0
"['fun', 'movi', 'base', '1970', 'show']",1
"['angel', 'fallen', '', 'big', 'time', '']",-1
"['entertain', 'fluff']",0
"['s', 'hard', 'like', 'girl']",1
"['ravish', 'lethal', 'detect', 'rescu', 'stolen', 'softwar', '']",1
"['annoy', 'music', 'video', '', 'girl', 'power', '', 'nt', 'make', 'laugh', '', 'cri', '', '']",-1
"['enjoy', 'piec', 'fluff']",0
"['charli', 's', 'angel']",0
"['slick', '', 'enjoy', 'fast', 'pace', 'hilari', 'action', 'movi']",1
"['shame', 'mcg']",-1
"['good', 'cheesi', 'fun']",1
"['continu', 'charact', 's', 'stori', 'lightheart', 'manner', 'previou', 'film']",0
"['fun', 'fun', 'fun']",1
"['intrigu', 'adventur', '', 'still', 'miss', 'littl', 'someth', '']",1
"['netflix', '']",1
"['ordinari', '', 'noth', 'extra']",0
"['great', 'sequel', '', '']",1
"['enjoy', 'sequel', 'much', 'fun', 'origin']",1
"['thoroughli', 'enjoy', 'caper']",1
"['strike', 'chord', '']",1
"['second', 'vers', '', 'first']",0
"['anoth', 'enjoy', 'enola', 'tale', '']",1
"['2', 'year', 'later']",0
"['par', 'origin']",1
"['love', 'enola']",1
"['new', 'investig', 'elona', 'holm', '']",0
"['awkward', 'sociopolit', 'cring']",-1
"['forgot', 'concept', 'stori', '']",-1
"['bore', 'mediocr']",-1
"['great', 'film']",1
"['keep', 'come']",1
"['adventur', 'fun']",1
"['enola', 'holm', '2', 'surpass', 'origin', '']",1
"['enola', 'back']",1
"['thrill', 'triumphant', 'sequel']",1
"['milli', 'usual', 'good', 'job', 'transfix', 'viewer', 'keep', 'entertain', '']",1
"['enjoy', 're', 'watch', '', 'much', 'make', 'sens']",0
"['turn', 'bond']",0
"['still', 'good', '', 'good', '']",0
"['bit', 'mess']",-1
"['hate', 'movi', '', 'let', 'count', 'way', '']",-1
"['monument', 'stupid', '']",-1
"['girl', 'bore', 'web']",-1
"['watchabl', 'shallow', 'spinoff']",0
"['lisbeth', 'saland', '', 'righter', 'wrong', '', 'girl', 'dragon', 'tattoo', '']",0
"['lisbeth', 'saland', '', 'action', 'hero', '']",-1
"['tangl', 'spider', 's', 'web']",-1
"['girl', 'meh', 'movi']",-1
"['clair', 'foy', 'lisbeth', 'saland']",0
"['quit', 'swedish', 'qualiti']",-1
"['standard', 'action', 'movi', '']",0
"['realli', 'aw', '', 'deriv', 'movi', 'sjw', 'superhero']",-1
"['visual', 'entertain', 'direct', 'lack', 'plot', 'darker', 'tone', 'dragon', 'tattoo', 'movi', '']",0
"['stori', '', '', 'oh', 'predict', '']",-1
"['insult', 'millennium', 'seri']",-1
"['anoth', 'american', 'miss']",-1
"['aw', 'movi', '']",-1
['disappoint'],-1
"['get', 'stuck']",-1
"['enough', 'alreadi']",0
['bad'],0
"['third', '', 'worst', '', 'langdonhanksbrownhoward', 'film']",-1
"['dazzl', 'confus']",-1
"['piti', 'anyon', 'paid', 'cinema', 'price', 'absurd', 'turkey']",-1
"['', 'nation', 'treasur', '', 'better', 'movi']",-1
"['like', 'bad', 'tv', 'version', 'da', 'vinci', 'code']",-1
"['product', 'interfer', 'ruin', 'end']",-1
[''],0
"['empti', 'calori', '', 'mainli', 'due', 'poor', 'direct']",-1
"['disappoint', 'predict', 'stori']",-1
"['messi', '', 'weak', 'lack', 'seriou', 'impact', 'seriou', 'crisi', '']",-1
"['wast', 'opportun']",-1
"['careerlow', 'involv']",-1
"['would', 'chang', 'end', '', 'best', 'part', 'book', '', '']",-1
"['nt', 'watch', 'read', 'book', '']",-1
"['sadli', 'disappoint', '', 'hollow', 'remnant', 'franchis', '', '', '']",-1
"['good', 'exampl', 'bad', 'product']",-1
"['good', 'peopl', '', 'stori', '', 'money', '', '', '', '5', 'stori', 'adapt']",-1
"['turkey', 'year']",-1
"['mysteri', 'thriller', 'set', 'florenc', '', 'venic', 'istanbul', '', 'plenti', 'suspens', '', 'twist', 'turn']",1
"['good', 'forgett', '', 'read', 'book', 'vs', '', '']",0
"['disappoint', 'chang', 'end']",-1
"['long', 'wast', 'time']",-1
"['ron', 'howard', 's', 'inferno', '']",-1
"['total', 'disappoint']",-1
['expect'],0
"['drown', 'weight', 'cryptic', 'dialogu', 'abstract', 'storytel', '']",-1
"['perhap', 'scott', 's', 'underr', 'film', '']",1
"['one', 'counsel', '']",0
"['one', 'greatest', 'moral', 'play', 'time', '']",1
"['m', 'contrarian', '']",-1
"['counselor', 'love', 'give', 'one', 'els', 'reason', 'love', '', 'let', 'alon', 'care', '']",-1
"['ca', 'nt', 'believ', 'crime', 'thriller', 'bore']",-1
"['judg', '']",0
['wow'],1
"['stop', 'cormac', '', 'ridley', 'cameron', 'could', '']",-1
"['charact', 'compel', 'interest']",-1
"['poorlyscript', 'drug', 'traffick', 'drama']",-1
"['convolut', 'equal', 'complex']",-1
"['counsel', 'counselor']",0
"['disappoint', 'neonoir', 'ridley', 'scott', 'cormac', 'mccarthi']",-1
"['counselor', '', 'shakespearean', 'tragedi', 'greed', 'desper', '']",-1
"['disappoint', 'limit', 'word', '']",-1
"['new', 'level', 'sinist']",-1
"['counselor', 'prove', 'talent', 'peopl', 'produc', 'horrend', 'mess']",-1
"['evil', 'audaci', '', '', '']",-1
"['might', 'monologu']",1
"['dark', '', 'bleak', 'masterpiec', 'predat', '', '1010']",1
"['dead', 'bore', 'first', 'hour', 'impress', 'end']",0
"['absolut', 'brilliant', '']",1
"['whackedout', 'comedi', 'lot', 'laugh']",1
"['tight', 'like', 'tiger']",1
"['weakest', 'seri', '', 'myer', 'still', 'mojo']",-1
"['austin', 's', 'anatomi']",0
"['good', 'second']",0
"['everyth', 'love', '']",1
"['gold', 'littl', 'tarnish']",-1
"['still', 'good', 'time', 'waster']",0
"['love', 'gold']",0
"['austin', 'powersmik', 'meyer', 'back', 'along', 'hilari', 'new', 'charact']",1
"['wildli', 'hitormiss']",0
"['tarnish', '', 'goldmemb', '', 'still', 'shine']",1
"['like', 'goooooooold', '', 'member', '']",1
"['myer', 'excel', 'job', 'differ', 'charact']",1
"['still', 'retain', 'humour', '', 'somehow', 'contain', 'less', 'content']",0
"['third', 'time', 's', 'golden', '', 'babi']",0
"['goldmemb', '', 'pretti', 'good', '']",1
"['ok', 'worst', 'three']",0
"['anoth', 'great', 'spoof', 'movi']",1
"['buffooneri', '', 'goldfing', '', '']",0
"['crazi', 'plot']",1
['note'],0
"['goldmemb', '', '']",1
['funni'],1
"['myer', 'geniu']",1
"['yeah', '', 'babi', '', '', '', 'one', 'funniest', 'friggin', '', 'movi', 'time']",1
"['mr', 'mojo', 'rise']",1
"['slightli', 'better', 'first']",1
"['wonder', 'sequel']",1
"['recycl', 'old', 'humor', '', 'still', 'fun', '']",1
"['better', 'first', 'one', '']",1
"['inevit', 'cheeki', 'myer']",1
"['austin', 'power', '', 'spi', 'shag']",0
"['hilari', 'timewast']",0
"['film', 'buff', 'like', '', '']",1
"['scott', 'dr', '', 'evil', '']",1
"['man', 'golden', 'pun']",0
"['one', 'funniest', 'sequel', 'ever', 'made']",1
"['superior', 'sequel']",1
"['mostli', 'good', '', 'one', 'scene', 'unnecessari']",0
"['funni', 'nasti', '', 'rrate', '', 'look', 'stupid', '60']",0
"['inferior', 'sequel', '', 'success', '', 'lack', 'dri', 'wit', 'predecessor', '']",1
"['still', 'funni', 'lot', 'recycl', 'gag', 'first', 'film']",1
"['', 'smoke', 'sex', '', '', '', 'nt', 'know', '', 've', 'never', 'look', '']",0
"['s', 'shagadel', 'babi']",1
"['', 'austin', 'power', '', 'spi', 'shag', '', 'lightheart', 'entertain', 'suppli', 'ton', 'laugh', '']",1
"['uggghhhh', '', 'funni', '', 's', 'depress', '']",-1
"['funniest', 'joke', '1990']",1
"['anoth', 'funni', 'entri', 'seri', '', 'actual', 'favorit', '']",1
"['hilari', '']",1
"['impress', 'action', 'sequenc', 'let', 'almost', 'everyth', 'els', '']",-1
"['dead', 'presid']",0
"['excel', 'cinematographyfun', 'remak', '']",1
"['extrem', 'sportsextrem', 'dud']",0
"['gopro', 'red', 'bull', 'decid', 'make', 'film']",0
"['watch', 'origin', 'one', 'instead']",-1
"['nonsens', 'plot', 'accompani', 'visual', 'splendor', 'world', 's', 'extrem', 'corner', '']",-1
"['point', 'broken']",0
"['worst', 'remak', 'ever', '']",-1
"['s', 'almost', 'though', 'made', 'terribl', 'movi', 'purpos', '']",-1
"['pointless', 'break']",-1
"['pointless', 'retread']",-1
"['terribl', 'film']",-1
['disappoint'],-1
['craptacular'],-1
"['dire', 'far', 'seriou', 'remak']",0
"['110', '', 'bewar', 'garbag', '']",-1
"['s', 'black', 'eye', 'fan', 'origin', 'might', 'given', 'disast', 'chanc']",-1
"['pointless', 'hollow', '', 'budget', 's', 'expand', 'person', 'energi', 'gone']",-1
"['probabl', 'worst', 'remak', 'ever']",-1
"['aw', 'movi', 'disgrac', 'origin', '']",-1
"['terribl', 'crappi', 'remak', 'awesom', 'classic', 'film']",-1
"['storywis', 'mediocr', 'movi', '', 'stunt', 'sceneri', 'make', '1', 'hour', '45', 'minut', 'worth', 'watch', 'us', 'enjoy', 'sort', 'thing', '']",0
"['horribl', 'movi']",-1
['empti'],-1
"['awesom', '']",1
"['intellig', 'matur', 'batman', 'cartoon']",1
"['batman', '', 'mask', 'underr', 'classic']",1
"['greatest', 'anim', 'batman', 'film', '']",1
"['along', 'tim', 'burton', 's', 'batman', 'return', 'best', 'batman', 'movi', 'date', '']",1
"['like', 'brilliant', 'fourpart', 'episod', 'seri', '', 'lot', 'person', 'wound', 'reveal', '', 'joker', 'boot', '']",1
"['like', 'first', 'two', 'batman', 'movi', 'definit', 'must', 'see']",1
"['first', 'great', 'anim', 'batman', 'movi', '']",1
"['walk', 'edg', 'abyss', 'everi', 'night', '']",1
"['blackest', 'night']",0
"['favorit', 'batman', 'movi']",1
"['way', 'batman', 's', 'origin', 'meant', 'told']",1
['measur'],1
"['absolut', 'classic', '', 'best', 'batman', 'movi', 'far']",1
"['aww', 'yeah', '', 'one', 'best', '']",1
"['amaz', 'batman', 'movi']",1
"['best', 'romant', 'film', 've', 'ever', 'seen']",1
"['absolut', 'batman', 'anim', 'movi', 'time']",1
"['still', 'classic']",1
"['', 'certain', 'advantag', 'sturdi', 'cranium', '', 'master', 'bruce', '', '']",0
"['best', 'portray', 'dark', 'knight', '']",1
"['well', 'made', '', 'matur', 'entertain']",1
"['batman', 'mask', 'phantasm', '', 'nt', 'see', 'appeal']",-1
"['best', 'batman', 'movi', 'time']",1
"['great', 'anim', 'seri', '']",1
"['king', 'hundr', 'jester']",1
"['greatest', 'comedi', 'time', '', 'period', '']",1
"['sum', 'part']",1
"['ye', '', 's', 'loud', 's', 'incred', 'comedi', 'classic']",1
"['comedi', 'classic', 'still', 'hold', '']",1
"['push', 'button', 'mark', 'booz', '']",1
"['', 'come', '', 'let', 's', 'one', 'big', 'adventur', '', '']",0
"['classic', 'epic', 'comedi', 'much', 'edit']",1
"['epic', 'comedi']",1
"['personifi', 'everyth', 'hate', 'movi', 'yet', 'oh', 'laugh', '']",0
"['', 'long', '', 'still', 'manag', 'one', 'funniest', 'quotabl', 'comedi', 'ever']",1
"['everi', 'comic', 'practic', 'everi', 'part', 'world', 'get', 'take', 'lump', '']",1
"['s', 'everi', 'man', '', 'old', 'bag', '', '']",0
"['funniest', 'movi', 'time']",1
"['everi', 'man', 'merman']",0
"['', 're', 'go', 'kill', '', '', 'arnold', 'stang', '']",0
"['classic', 'll', 'never', 'get', 'tire', 'watch']",1
"['mad', 'x', '4', 'world', '', 'big', 'w', '', 'wonder', '', 'simpli', 'priceless', '']",1
"['comedian', 'caus', 'damag']",0
"['s', 'funni', '', 'funni', '', 'funni', '', 'funni', 'movi']",1
"['funni', 'even', 'know', 'heart']",1
"['great', 'great', 'great', 'film']",1
"['movi', 'treasur', '', '', '', '', '']",1
"['greatest', 'comedi', 'ever', 'made', '', 'period', '']",1
"['s', 'bad', '', 'bad', '', 'bad', '', 'bad', 'movi']",-1
['underr'],1
"['good', 'action', 'film']",1
"['averag', 'good', 'action', 'film']",0
"['good', 'aspect', 'realli', 'let', 'fact', 's', 'aim', 'twelv', 'year', 'old', '']",0
"['averag', 'action', 'movi', '', 'noth', 'noth', 'less']",0
"['action', 'fan']",1
"['die', 'hard', '', 'continu', 'influenc', 'day', '']",1
"['walk', 'clich', '']",-1
"['one', 'better', 'tvseriestobigscreenadapt']",1
"['better', 'titl', 'might', 'sowat', '']",-1
"['run', 'mil', 'action', 'film']",1
"['good', 'action', 'movi', '', 'enough', 'michel', 'rodriguez', '']",0
"['anoth', 'film', 'good', 'concept', 'never', 'deliv']",-1
"['averag', '', 'unrealist', '']",0
"['swat', '', 'load', 'rubbish']",-1
"['swagger', 'action', 'film', 'violent', '', 'fun', '']",1
"['d', 'expect']",0
"['perfect', 'popcorn', 'movi']",1
"['good', 'popcorn', 'fun', 'big', 'screen', 'rendit', 'midseventi', 'tv', 'seri']",1
"['seal', 'frisk']",1
"['run', 'mill', '', 'excit', '']",0
"['8', '12', '10', '', 's', 'good', '']",1
"['watchabl', 'big', 'budget', 'hollywood', 'action', '', 'pass', 'time', 'suppos', '']",0
"['utterli', 'routin']",0
"['simpl', 'fun']",1
"['horribl', 'film', 'action', 'ruin', 'movi']",-1
"['fantast', 'cast', 'complet', 'wast', 'stupid', 'stori']",-1
"['', '']",-1
"['suppos', 'root', 'snake', 'eye', '']",-1
"['lost', 'plot', '']",-1
"['atroci', 'edit', 'ruin', 'action', 'sequenc', '', 'locat', 'top', 'notch', 'though', '']",-1
"['throw', 'thing', 'wall', 'bad']",-1
"['s', 'origin', 'film', '', 'origin', 'miss', '']",-1
"['shoddi', 'film', '', 'bad', 'cast', '', 'disrespect', 'sourc', 'materi']",-1
"['none', 'make', 'sens']",-1
"['complet', 'let']",-1
"['good', 'origin', 'stori']",-1
"['plagu', 'shaki', 'cam']",-1
"['gi', '']",-1
"['except', 'pair', 'dice', 'random', '', 'gi', '', 'joe', '', 'label', '', 'assembl', 'everi', 'clich', '', 'sloppili', 'present', '']",-1
"['one', 'record', '']",-1
"['slow', '', 'depth', '', 'snake', 'eye']",-1
"['almost', 'ok', '']",-1
"['obnoxi', 'bad', 'shallow']",-1
"['nt', 'enjoy', 'singl', 'second']",-1
"['andrew', 'koji', 'steal', 'show']",0
"['film', 'anyth', '']",-1
[''],0
"['gi', 'origin']",0
"['bore', 'action', 'film', 'person']",-1
"['visual', 'stun', 'everi', 'respect']",1
"['suspens', '', 'thrill', 'wellpac', 'underwat', 'adventur', 'diver', 'locat', 'shipwreck', 'treasur', 'drug']",1
"['s', 'call', 'marin', 'biolog', '']",1
"['wellpac', 'fun']",1
"['good', '']",0
"['great', 'visual', '', 'weak', 'script']",-1
"['call', 'crazi']",0
"['one', 'man', 's', 'treasur', 'may', 'belong', 'someon', 'els', '']",0
"['jessica', 'alba', 'save', 'movi', 'disast']",-1
"['awesom', 'john', 'stockwel', 'film', 'focus', 'tension', 'around', 'interest', 'marin', 'biologist']",1
"['surprisingli', 'good']",1
"['gutter', '']",-1
"['overal', '', 'bad', 'film', '', 'worth', 'watch', '']",0
"['big', 'bounc', 'three', 'deep', 'blue', 'crush', 'sunset']",0
"['predic', 'entertain', 'adventur']",0
"['nt', 'expect', 'shakespear', '', 'take', 'sunglass']",0
"['pure', 'freag', 'paradis', 'freag', 'hot', 'complet', 'beauti', 'jessica', 'alba', '', 'freag', 'hot', 'bikini', '', '', '', '']",1
"['into', 'blue', '', 'manag', 'creat', 'excit', 'caribbean', 'vibe', 'stretch', 'popcorn', 'thriller', 'work']",1
"['beauti', 'sceneri', '', 'moder', 'adventur']",1
"['m', 'fill', 'vision', 'ocean', '']",1
"['actual', 'quit', 'enjoy', 'slick', 'nonsens', 'full', 'beauti', 'peopl']",1
"['austin', 'movi', 'show', 'review']",0
"['good', 'movi']",1
"['movi', 'make', 'pirat', 'caribbean', '', '']",1
"['blue', '', 'treasur', 'price', '']",0
"['hot', 'chick', '', 'fast', 'car', '', 'violenc']",0
"['object', 'review']",0
"['nt', 'fool', 'high', 'score', 'film', 'suck', '']",-1
"['nice', 'car', '']",1
"['fresh', 'roadkil', '']",0
"['valiant', 'effort', 'least', '']",-1
"['seen', 'interest', 'roadkil']",-1
"['good', 'intens', '', 'thriller', 'independ', 'low', 'budget', 'sprinkl', '', 'better', 'night', 'swim', 'sure']",1
"['', '31', '', 'ss', 'trip']",0
"['excel', 'american', 'low', 'budget', 'thriller']",1
"['keanu', 's', 'stunt', 'doubl', '', 'lol']",0
"['one', 'worst']",-1
['rivet'],1
"['awesom', 'twist', 'turn', '']",1
"['unexpect', 'plot', 'twist', 'end']",1
"['suspens', 'edg', 'seat', 'ever', 'turn']",1
"['twist', 'turn', 'around']",1
['taken'],0
"['shockingli', 'disappoint', 'final', '', 'taken', '3', '', 'disgrac', 'star', 'liam', 'neeson', 'appal', 'display', 'inept', 'director', 'olivi', 'megaton']",-1
"['aw', 'camera', '', 'edit', 'direct', 'senseless', 'plot']",-1
['mistaken'],-1
"['', 'nt', 'pessimist', '', '', 'cool', 'dialog', '']",0
"['', 'end', '', 'good', 'advic']",0
"['good', 'thing', 'seri', 'end']",-1
"['thrill', 'violent', 'pictur', 'sensat', 'liam', 'neeson', 'relentless', 'aveng', 'father']",1
"['got', 'dizzi', 'watch', 'movi']",-1
"['taken', '3', '', 'parkinson', '3', '', '', '']",-1
"['terribl', 'actual', 'funni']",-1
"['love', 'first', 'one', '', 'may', 'think', 'much', 'one']",-1
"['disappoint', 'unrealist', 'sequel']",-1
"['excel', '']",1
"['bad', 'end', 'fun', 'trilog']",1
"['slow', 'part', '', 'entertain', 'overal']",0
"['nt', 'expect', 'trail', 'bodi', 'previou', 'movi']",-1
"['neeson', 'continu', 'dynam', 'stealthi', 'aveng', 'bryan', 'mill']",1
"['satisfi', 'end', 'thrill', 'franchis', '']",0
"['last', 'last', 'chapter']",-1
"['actual', 'wors', 'taken', '2', '']",-1
"['even', 'liam', 'neeson', 'could', 'save', 'one', '']",-1
"['third', 'time', 'charm', '', '', '']",1
"['bondlik', 'action', 'thriller']",1
"['good', 'thriller', '']",1
"['hitman', 'movi']",1
"['unfortun', '', 'action', 'movi']",-1
"['agent', '47']",0
"['noth', 'agent', '47']",-1
"['hit', 'mark']",1
['like'],1
"['loud', '', 'dumb', 'execut', 'enough', 'flair', 'momentum', 'bore', '', 'hitman', '', 'reboot', 'passabl', 'divers']",0
"['watch', 'one', '', 'serious']",-1
"['explos', 'action', 'movi', 'start', 'end', '']",1
"['panach', 'elan']",0
"['realli', 'worth', 'rental', '', 'would', 'nt', 'aw', 'rental']",0
"['make', '2007', 'hitman', 'film', 'look', 'like', 'masterpiec', '']",-1
"['like', '', '']",1
"['fantast', 'fadein', 'fadeout', '', '', '']",1
['ridicul'],-1
['bad'],0
"['play', 'game', '', 'still', 'nt', 'like', 'movi', '']",-1
"['underneath', 'disguis', 'flashi', 'cinemat', 'nois', 'effect', '', 'hitman', '', 'agent', '47', 'sadli', '', 'still', 'misfir', 'corni', 'script', 'abysm', 'plot', '']",-1
"['complet', 'garbag']",-1
"['style', 'substanc', '']",-1
"['mindless', 'actionlittl', 'plot']",-1
"['better', 'attempt', 'quit']",-1
"['made', 'went', 'along', '']",-1
"['tgchan', 'say', 'no', '', '', '', '', 'wwwtgchanpl']",-1
"['go', 'see', 'might', 'surpris']",0
"['go', 'flow']",0
['seen'],0
"['plenti', 'action', '', 'good', 'photographi', '']",1
"['nailbit', 'thriller', 'unstop', 'action', 'jason', 'statham', 'hothead', 'top', 'hitman']",1
"['s', 'dumb', '', 'fun']",0
"['empti', 'entertain', '', 'fun', 'sun', '', 'lack', 'creativ', 'breathtak']",-1
"['wors', 'jason', 'film', 'ever', '', 'like', 'previou', 'film']",-1
"['suspend', 'disbelief', 'one', 'thing', '', 'insult']",-1
['expect'],0
"['bore', 'non', 'logic', 'film']",-1
"['much', 'better', 'expect']",1
['predict'],-1
"['bad', 'action', '', 'stori', 'nt', 'make', 'sens', '']",-1
"['comeon', 'peopl', 's', 'statham', 'movi', '']",1
"['word', 'seem', 'lose', 's', 'mean', '', 'ill', 'say', '', 'fun']",0
"['fun', 'action', 'sequel', 'jason', 'statham']",0
"['silli', '', 'bore', '', 'chaotic', '']",-1
"['', 'mechan', 'resurrect', '', 'brainless', 'entertain']",-1
"['statham', 'shoot', '', 'beat', 'peopl', '', 'count', '']",1
"['statham', '', 'alba', '', 'michel', 'yeoh']",1
"['mechan', '', 'uninspir']",-1
"['great', 'statham', 'movi', 'lover']",1
"['almost', 'good', '2011', 'movi', '']",-1
"['aw', 'movi', 'terribl', 'act', 'lousi', 'cgi', 'effect']",-1
"['noth', 'new', 'spectacular', 'explos']",0
"['stay', 'away', 'garbag', 'cost', '', '', '']",-1
"['absolut', 'trash']",-1
"['worst', 'movi', 'ever']",-1
"['unwatch', 'nonsens', '']",-1
"['cryptic', 'nothing', '', 'empti', 'personifi', '', 'empti', 'vacant', 'room', 'lost', 'littl', 'repect', 'still', 'megan', 'fox', '']",-1
"['rate', 'could', 'neg', 'number', '']",-1
"['happen', 'megan', 'fox', '']",-1
"['save', 'time']",-1
"['could', 'nt', 'get', '']",-1
"['offens', 'object', 'aw', 'omg', 'act', '']",1
"['bad', 'copi']",-1
"['nt', '', 'nt', '']",-1
"['return', 'rhode', 'island']",-1
"['sorri', 'megan']",0
"['still', 'better', 'la', 'la', 'land', '']",-1
"['movi', 'good', 'kill', 'time', '']",0
"['maegan', 'fox', '', 'love']",0
"['good', 'see', 'megan', 'fox', '']",1
"['felt', 'like', 'nostalgia']",1
"['life', 'hand', 'boom', 'boom', 'lemon']",1
"['fun', 'movi', 'despit', 'predict', 'plot']",0
"['ve', 'seen', 'combo']",0
"['everyth', 'new', 'old']",0
"['fool', 'number', '1', 'netflix', '']",0
"['mari', 'elizabeth', 'winstead', 'come', 'littl', 'bit', 'closer', 'favourit']",-1
"['put', 'doa', '', '', 'john', 'wick', '', '', 'nikita', '', 'crank', '', 'blender', 'get', 'kate', '']",0
"['averag', 'best']",1
"['want', '', 'capabl', 'writer']",0
"['big', 'dumb', 'fun', '']",-1
"['anoth', 'unorgin', 'netflix', 'origin']",-1
"['familiar', 'assassin', '', 'reveng', 'movi', '', 'work', '']",-1
"['killer', 'kate']",0
"['phenomen', 'fight', 'choreographi', 'cinematographi', '']",0
"['s', 'lot', 'fun', 'watch', 'work']",1
"['predict', '', 'deriv', '', 'uninspir']",1
"['week', 's', 'femal', 'assassin']",-1
"['number', 'netflix', 'movi']",1
"['review', 'got', 'delet', '', '', 'said', 'bad', '', '']",0
"['surprisingli', 'great', 'action', 'adventur', '']",-1
"['rather', 'entertain', '']",1
"['blast', '']",1
"['anoth', 'gener', 'hitman', 'stori', 'bad', 'action', '']",1
"['4', 'star', 'goe', 'tokyo']",-1
"['good', 'fast', 'pace', 'action', 'movi', '']",1
"['gritti', 'wellmad', 'action', 'thriller', 'solid', 'lead', 'perform', 'allison', 'janney', 'lead']",1
"['success', 'surviv', 'film', 'ident']",1
"['dark', '', 'effect', '', 'taut', '', 'gritti', 'psycho', 'thriller', '', 'crackin', '', 'entertain']",1
"['intrigu', 'begin', 'quickli', 'drop', 'qualiti']",1
"['solid', 'enough', 'chase', 'wood', '', 'thriller']",0
"['solid', 'entertain']",0
"['world', 'playground']",1
"['jason', 'bourn', 'older', 'sister']",0
"['great', 'perform', '', 'good', 'charact', '', 'decent', 'write']",0
"['janney', 'steal', 'show', '']",0
"['entertain', 'thriller']",1
"['decent', 'action', 'flick', 'great', 'lead', '']",1
"['wellact', 'absurd', 'plot']",0
"['rain', 'nt', 'left', 'africa', '']",0
"['love', '']",0
['bad'],1
"['amaz', 'heroin']",0
"['exactli', 'origin', '', 'still', 'solid', 'watch']",1
"['problem', '']",0
"['lou', 'everi', 'grandma', '']",-1
"['edg', 'seat', 'thriller']",1
"['worth', 'watch']",1
"['pleasantli', 'surpris']",1
"['lost', 'potenti', 'midway']",1
"['well', 'made', 'movi', '', 'decent', 'act', 'perform', '', 'let', 'implaus', 'charact', 'plot', 'turn']",-1
"['nearli', 'bad', 'lot', 'peopl', 'like', 'say', '']",0
"['even', 'close', 'bad', 'review', 'made', 'seem', '', 'watch', '', 'make', 'mind', '', 'funni', '', 'entertain', '', 'like', '', 'say', 'b', '']",0
"['effect', 'spoof', 'meninblack', 'genr', '']",1
"['good', 'summer', 'entertain']",1
"['way', 'underappreci', 'popcorn', 'flick']",1
"['somewhat', 'gener', 'predict', '', 'still', 'enjoy', '']",1
"['predict', '', 'ye', '', 'fun', '', 'ye', '']",0
"['exactli', 'expect']",1
"['start', 'well', 'get', 'bore']",1
"['ripd', 'review']",0
"['nop', '']",0
"['silli', 'entertain', 'mib', '', 'blade', 'runner', 'ripoff']",-1
"['far', 'better', 'critic', 'claim']",0
"['expect', '', '']",1
"['funni', 'excit', '', 'wonder', 'flop']",-1
"['good', 'mix', 'previou', 'materi', 'along', 'origin']",-1
"['goofi', '', 'fun', '']",1
"['doa', '', 'woeful', 'mashup', 'men', 'black', 'meet', 'ghost', 'buster', 'attempt', 'new', 'scificomedi', 'franchis', '', 'truli', 'one', 'worst', 'film', 'year', '']",1
"['s', 'realli', 'stupid', 'movi', 'forget', 'add', 'fun', 'thrill']",-1
"['fun', 'pour', 'acid']",-1
"['ryan', 'reynold', 'jeff', 'bridg', 'definit', 'nt', 'make', 'team', 'smith', 'tommi', 'lee', 'jone', '', 'found', 'movi', 'fun', 'enjoy', '']",-1
"['lame', 'men', 'black', 'ripoff', 'sloppiest', 'script', 'ever']",-1
"['', 'mib', '', '', 'never', 'ask', '']",-1
"['good', 'idea', 'bad', 'execut']",0
"['well', 'deserv', 'box', 'offic', 'failur', '']",0
"['straight', 'forward', 'plot', '', 'still', 'enjoy', 'movi', '']",-1
"['lowbudget', 'butler', '']",0
"['unexcept', 'taut', '', 'engag', 'enough', 'thriller', '', 'deliv', 'set', '', '']",-1
"['done', 'done', 'better']",-1
"['basic', 'effect', 'thriller']",-1
"['need', 'break', '', 'get', 'break', '']",0
"['day', 'life', '']",0
"['nt', 'bad']",0
"['last', 'seen', 'aliv']",0
"['good', 'tension', 'build', 'toward', 'end', '', 'worth', 'watch', '']",0
"['wow', '', 'talk', 'low', 'qualiti', 'write', '', '', '']",1
"['entertain', 'thriller']",-1
"['decent', 'film', 'quiet', 'night']",1
['aw'],1
"['fastpac', 'action', '', 'slick', 'screenplay']",-1
"['poor', 'copi', 'kurt', 'russel', 's', 'movi', '', 'breakdown', '']",1
"['entertain', 'mysteri', 'thriller', 'remain', 'somewhat', 'predict', 'thank', 'lesser', 'write', '']",-1
['great'],0
"['ye', '', 've', 'seen', '', 'still', 'edg', 'seat', 'suspens', 'anxieti', '']",-1
"['meh', '', 'meh', '', 'meh']",-1
"['gerard', 'butler', 'must', 'owe', 'someon', 'favor']",-1
"['miss', '', '', 'last', 'seen', 'aliv', '']",-1
"['incoher', 'ridicul']",0
"['kind', 'movi', 'sleepili', 'lumber', 'stock', 'premis', 'disguis', 'compet', 'lack', 'effort', 'reliabl', 'lead', 'man']",-1
"['horribl', 'write']",-1
"['impress', 'even', 'exist']",-1
"['terrif', 'hilari', 'spiritu', 'successor', 'roger', 'rabbit', 'shame', 'disney', 'put', 'one', 'theater']",-1
"['oh', 'man', '', 'soooooo', 'hilari', '', '', '']",1
"['funni', 'nostalg', 'adventur']",1
"['chip', 'n', 'dale', '', 'rescu', 'ranger']",1
"['multirefencialmetafanservic', 'love']",1
"['rescu', 'ranger', 'comeback', 'good', 'exampl', 'meta', 'done']",1
"['movi', 'fan', 'servic', 'experi', 'futur', 'film']",1
"['think', 's']",1
"['disastr', 'reviv', 'fame', 'disney', 'chipmunk', 'duo']",0
"['voic', 'right', 'role']",-1
"['roger', 'rabbit', '']",-1
"['s', 'nut', 'bad', 'movi']",0
"['disney', 'desper', 'pander', 'toward', 'metacommentari', 'pop', 'refer', 'crowd', 'still', 'ca', 'nt', 'stop', 'full']",-1
"['surprisingli', 'entertain']",-1
"['uncanni', 'valley']",1
"['solid', 'cast', '', 'strong', 'visual', '', 'creativ', 'adventur', '', 'movi', 'deliv', 'front', '']",0
"['nostalg', 'meta', 'dumpster', 'fire', 'cash', 'grab', 'disney']",1
"['mediocr', 'plot', '', 'overcompens', 'nostalgia']",0
"['hyperventil', 'watch']",-1
['catastroph'],0
['aw'],-1
"['absolut', 'bizarr', 'age', 'movi']",-1
"['wonder', 'detect', 'action', 'comedi', 'adult', 'love', 'cartoon']",-1
"['take', 'mickey', 'disney']",1
"['good', 'concept', 'poor', 'film']",-1
"['start', 'okay', '', 'quickli', 'turn', 'huge', 'mess']",0
"['fun', 'end']",0
"['surprisingli', 'solid', 'movi', 'good', 'messag']",-1
"['learn', 'hold', 'nerv']",1
"['good', 'enough', 'high', 'school', 'movi']",0
"['last', '', 'summer', 'film', 'origin']",0
"['feel', 'like', 'kid', 'film']",1
"['wow', '', 'movi', 'bad', '']",0
"['entertain', '', '']",-1
"['good', 'mindless', 'entertain', 're', 'tri', 'kill', 'hour', '']",0
"['noth', 'ripoff']",0
"['complet', 'blew', 'away', '', 'fun', 've', 'theatr', 'far', 'year']",-1
"['readi', 'first', 'dare', '']",1
"['vine', 'pokemon', 'go', 'babi', '', 'kardashian', 'godpar']",0
"['saw', 'trailer', '', 's', 'need', 'watch', 'movi', '']",-1
"['water', 'version', '', '13', 'sin', '']",-1
['senseless'],-1
"['good', 'one', 'time', 'film', '']",-1
"['nerv', '', 'good', 'concept', '', 'poor', 'execut']",0
"['teen', 'flick']",0
"['s', 'neon', '']",0
"['lotta', 'nerv']",0
"['good', 'idea', '', 'aw', 'execut']",0
"['movi', '', 'singl', 'bore', 'second']",0
"['get', 'spend', '', '120000000', 'make', 'film', '', '']",1
"['speed', '2', '', 'snooz', 'control']",-1
"['ll', 'know', 'keanu', 'turn', 'crummi', 'sequel', 'see']",0
"['made', 'wors', 'knowledg', 'brilliant', 'film', 'succe']",-1
"['slower', '', 'poorer', '']",-1
"['everyon', 'lifeboat', '', 'women', '', 'children', 'pay', 'moviego', 'first', '']",-1
"['mutil', 'franchis']",-1
"['speed', '2', 'lost', 'control']",-1
"['miser', 'experi', '']",-1
"['bad', 'movi', '']",-1
"['speed', '2', '', 'snooz', 'control']",0
"['episod', 'sequel', 'lack', 'origin', 's', 'themat', 'strength']",-1
"['speed', '2', '', 'cruis', 'control']",-1
"['rather', 'sandra', 'bullock']",0
"['big', 'boat', 'full', 'crap']",-1
['disast'],-1
['piti'],-1
"['bad', 'review']",-1
"['one', 'worst', 'sequel', '']",0
"['need', 'sequel', 'control', '']",-1
"['bad', '', 'pretti', 'much', 'way', 'look']",-1
"['seasick', '', 're', 'one', '']",-1
"['anoth', 'one', 'sequel']",-1
"['film', 'good', 'trap', 'sink', 'ship']",-1
"['bought', 'condo', '']",-1
"['bird', 'nt', 'meant', 'cage', '']",0
"['incred', 'movi', '', 'one', 'live', '']",0
"['nt', 'rent', 'shawshank', '']",1
"['movi', 'made']",-1
"['classic', 'piec', 'unforgett', 'filmmak', '']",1
"['shawshank', 'redempt']",1
"['shawshank', 'redempt']",0
"['stephen', 'king', 's', 'best', 'adapt', 'movi']",0
"['etern', 'hope']",1
"['enthral', '', 'fantast', '', 'intrigu', '', 'truli', 'remark', '']",1
"['imdb', 'greatest', 'film', 'time']",1
"['alltim', 'prison', 'film', 'classic']",1
"['favorit', 'movi', 'time', '']",1
"['', 'm', 'convict', 'murder', 'provid', 'sound', 'financi', 'plan', '', '']",1
"['simpli', 'best']",1
"['simpli', 'known', '', 'movi', '']",1
"['', 'go', 'prison', 'learn', 'crook', '']",1
"['simpli', 'amaz', '', 'best', 'film', '90', 's', '']",0
"['prepar', 'move']",1
"['shawshank', 'redeem', 'hollywood']",1
['masterpiec'],1
"['never', 'give', 'hope']",1
"['power', 'masterpiec']",1
"['hope', 'set', 'free', 'remark', 'film']",1
"['two', 'movi', 'one']",1
"['pinnacl', 'flawless', 'film', '']",0
"['offer', 'good', '', 'could', 'nt', 'refus']",1
"['one', 'best', 'time', '']",0
"['', 'definit', 'film']",1
"['greatest', 'movi', 'time', '']",1
"['icon', 'film']",1
"['anoth', 'kind', '', 'famili', 'movi', '']",1
"['', '2', 'imdb', 's', 'top', '100', '', 'multioscarwinn', '1500', 'review', '', 'say', 'movi', '', '']",0
"['m', 'find', 'hard', 'describ', 'amaz', 'movi']",1
"['initi', '', 'nt', 'fan', '', 'realis']",1
"['', 'godfath', '', 'pretti', 'much', 'flawless', '', 'one', 'greatest', 'film', 'ever', 'made']",1
"['everyth', 've', 'ever', 'heard', 'true', '']",1
"['epic', '', 'master', 'look', 'underground', 'world']",1
['perfect'],1
"['geatest', 'movi', 'ever', 'made']",1
"['magnific', 'portrait', 'organ', 'crime']",1
"['godfath', 'make', 'offer', 'refus', '', 'movi', 'masterpiec', '']",1
"['film', 'great', 'power', 'mileston', 'histori', 'cinema']",1
"['nt', 'enjoy', 'much', 've']",1
"['amaz', 'movi']",1
['masterpiec'],1
['son'],1
"['simpli', 'best']",0
['godfath'],1
"['world', 'insid', 'underworld', '']",0
"['dark', 'knight']",0
"['batman', 'dream', '', 'much', 'comic', 'book', 'movi']",0
"['batman', 'shakesperean', 'proport']",1
"['town', 'deserv', 'better', 'class', 'crimin', '']",1
"['heath', 'ledger', 's', 'dark', 'brilliant', 'swan', 'song']",1
"['watch', 'imax', 'version']",0
['masterpiec'],0
"['best', 'superhero', 'movi', 'time']",1
"['surpass', '', 'begin', '', 'everi', 'aspect', '', '', '']",1
"['perfect', 'balanc', 'action', 'drama', 'unforgett', 'villain']",1
"['heath', 'ledger']",1
"['dark', 'knight', 'good', 'everyon', 'say', 'easili', 'best', 'superhero', 'film', 'made']",0
"['christoph', 'nolan', 'back', '']",1
"['heath', 'ledger', 'make', 'great']",1
"['', 'think', 'destin', 'forev', '', '']",0
"['dark', 'sinist', 'mood', 'film', 'realli', 'set', 'theme', 'movi']",1
"['batman', 'best', 'beyond']",1
"['sequel', 'deserv', 'batman', 'want']",1
"['best', '', 'comic', '', 'movi', '', 'ever', '']",1
['mindblow'],1
"['best', 's', 'class', 'much']",1
"['love', 'movi']",1
"['knock', '', 'knock', '']",1
"['heath', 'ledger', 'ledgend', '']",0
"['quit', 'possibl', 'best', 'round', 'film', 'ever']",1
"['breathtak', 'scope', 'tragic', 'grandeur', '']",1
"['greatest', 'sequel', 'cinema', 's', 'histori']",1
"['terrif', 'continu', '', 'godfath', '', 'seri', '', 'call', '', 'sequel', '', 'almost', 'seem', 'insult', '']",1
"['greatest', 'film', 'ever', 'made']",1
"['best', 'gangster', 'drama', 'time', 'arguabl']",1
"['masterpiec', 'never', 'beaten', '']",1
"['', 'michael', '', 'never', 'want', '', '']",1
"['one', 'greatest', 'film', 'ever', 'made', '']",1
"['one', 'greatest', 'sequel', 'ever', 'made']",1
"['call', 'sequel', 'travesti']",1
"['', 'godfath', 'part', 'ii', 'greatest', 'sequel', 'ever', 'made', '', 'one', 'greatest', 'film', 'time', 'possibl', 'finer', 'superb', 'predecessor', '', '', '', '', '', '']",1
"['one', 'greatest', 'movi', 'ever', 'made', '']",1
"['poor', 'fredo', '', 'still', 'miss', 'john', 'cazal', '']",1
"['prefer', 'first', 'film', '', 'compar', 'well']",1
"['insult', 'call', 'sequel']",1
"['better', 'origin', '', 'mayb', '', 'unbeliev', 'ride', '', 'hell', 'yeah', '', '']",1
['masterpiec'],1
"['excel', '', 'could', 'dictionari', '', 'sprawl', '']",1
"['review', 'film', 'pretti', 'unimport', '']",1
"['hollywood', 'masterpiec', '', '', '', '']",1
"['good', '', 'good', 'first']",1
"['godfath', 'part', '2']",0
"['nt', 'hold', 'candl', 'origin', 'yet', 'one', 'finest', 'sequel', 'time', '']",1
"['one', 'best', 'sequel', 'ever', 'made']",0
"['one', 'best', 'sequel', 'ever', 'made']",1
"['overus', 'term', '', 'classic', 'movi', '', 'realli', 'come', '']",1
"['one', 'great', 'theatric', 'exampl', 'make', 'superb', 'drama', '']",1
"['juror', '', '4', 'great', 'film']",1
['disson'],1
"['characterstudi', 'meant', '']",1
"['dont', 'judg', 'age', '']",1
"['brilliant', '', 'brilliant', '', 'brilliant', '', '']",1
"['terrif', 'drama', 'greatest', 'actor', 'cinemat', 'histori']",1
['excel'],1
"['simpl', 'great', '']",1
"['everyon', 's', 'top', 'ten', 'list', 'greatest', 'film', 'time', '']",1
"['absolut', 'must', 'anyon', 'consid', 'film', 'buff']",1
"['bomb', '', 'car', 'chase', 'edg', 'seat', 'stuff', 'none', 'less']",1
"['2', 'thumb', '']",1
"['ever', 'see', 'one', 'black', 'white', 'movi', '', 'make', '']",1
"['grip', 'irresist']",1
['flawless'],1
"['classic', 'everi', 'sens', 'moment', 'frame']",1
"['pardon', '', 'nt', 'ever', 'sweat', '']",1
"['find', 'movi', 'guilti', 'masterpiec', '']",0
"['', 'ca', 'nt', 'send', 'someon', 'die', 'evid', 'like', '', '']",1
"['version', 'see', '']",0
"['materi', 'slightli', 'forc', 'dramat', 'purpos', 'deliveri', 'perfect', 'across', 'board']",1
"['masterpiec', '']",1
"['good', 'script', '', 'great', 'dialog', 'set', 'actor', 'would', 'envi', 'world']",1
"['three', 'hour', 'film', 'feel', 'short']",1
['awesom'],1
"['one', 'best', 'movi', 'ever', 'made', '']",1
"['bring', 'head', 'hitler', '', 'himmler', '', 'eichmann', 'n', 'mengel', '']",1
"['whoever', 'save', 'one', 'life', '', 'save', 'world', 'entir', '', '']",1
"['nt', 'jewish', 'touch', 'respons', 'inhuman', '']",1
"['spielberg', 's', 'import', 'work']",1
"['singular', 'achiev']",1
"['shatter', 'film', 'time', '']",1
"['hell', 'wrong', 'peopl', 'comment', '1st', '4', 'page', 'review', '', '', '']",1
"['stun', '', 'spielberg', 's', 'greatest', '', 'top', '', 'time', 'best', 'film']",1
"['s', 'human']",1
"['incred', 'move', 'visual', 'disturb', '', 'spielburg', 's', 'best', 'far', '']",1
"['', 'list', 'absolut', 'good', '', 'list', 'life', '', '']",1
"['profound', 'beauti', '', 'appreci', 'art', '', 'masterpiec', '']",1
['devast'],1
"['color', 'choic', '', 'geniu']",0
"['spielberg', 'best']",1
"['base', 'true', 'stori']",1
"['best', 'movi', 'time']",0
"['eye', 'open']",1
"['best', 'spielberg', 'watch']",1
"['amaz', '']",1
"['emot', 'releas']",1
"['worri', 'amount', '110', 'still', 'need', 'film', 'holocaust', 'movi', 'gener']",1
"['best', 'trilog', 'histori', 'cinema']",1
"['good', 'thing', 'come', 'end', '']",1
"['still', 'greatest', 'movi', 'ever', 'made']",0
"['noth', 'better']",1
"['pretti', 'much', 'outstand']",1
['great'],1
"['unpreced', '']",1
"['save', 'best', 'last']",1
"['live', 'see', '']",1
"['suprem', 'motion', 'pictur', 'time', '']",1
"['first', 'great', 'cinemat', 'masterpiec', 'twentyfirst', 'centuri', '']",1
"['perfect', 'way', 'finish', 'trilog']",1
"['doubt', 'ever', 'film', 'made', 'qualiti', '']",1
"['part', '3', '', 's', 'realli', 'thought', 'count']",1
"['monument', 'film']",0
"['object', 'unhyp', 'view', '', 'stun', '', 'simpli', 'stun', '']",1
"['brilliant', '', 'simpli', 'brilliant']",1
"['summari', '', 'film', 'extend', 'dvd', 'version']",1
"['fantast', 'conclus', 'great', 'trilog']",0
"['', 'put', 'asid', 'ranger', '', 'becom', 'born', '', '']",1
"['greatest', 'epic', 'ever', 'made']",0
"['journey', 'end', 'uniqu', 'movi', '']",1
"['mani', 'way', 'grander', 'scale', 'first', 'two', 'instal', 'trilog', '']",1
"['aweevok', '']",1
"['best', 'trilog', 'ever']",1
['shotgun'],1
"['masterpiec', 'without', 'messag']",0
"['masterpiec', 'screenwrit']",1
"['rebirth', 'genr', '', 'film', 'histori']",1
"['rewatch', 'movi', 'time']",1
"['alway', '', 'alway', 'person', 'favourit']",1
"['one', 'funniest', 'movi', 'ever']",1
"['s', 'wild', '', 's', 'chaotic', '', 's', 'pulp', 'fiction', '', '', '']",1
"['favourit', 'movi']",1
['overr'],1
"['pulp', 'fiction']",1
"['one', 'best', 'film', 's', 've', 'seen', 'long', 'time', '', 'still']",1
"['bit', 'rate', 'good']",1
"['nt', 'get']",0
"['fun', 'cult', 'film', '', 'tad', 'overr']",0
"['ah', '', 'rational', '', 'pig', 'better', 'person', '', 'would', 'ceas', 'filthi', 'anim', '', 'true', '']",0
"['brilliantli', 'construct', '']",0
"['unbeliev', '']",1
"['tarantino', 's', 'mad', '', 'mad', '', 'mad', '', 'mad', 'world', '', '', '']",0
"['perfect', 'movi']",1
"['one', 'best', 'movi', 'centuri', '']",1
"['icon', '']",1
"['deserv', 'prais', 'gotten', 'year']",1
"['awesom', '']",1
"['lightn', 'bottl']",1
"['first', '', 'still', 'best', 'lotr']",1
"['fellowship', 'ring', '', 'movi', '', 'door', 'anoth', 'dimens']",1
"['thank', 'mr', 'jackson']",1
['great'],1
"['hell', 'film', 'thing']",1
"['near', 'perfect', 'adapt', 'fantasi', 'benchmark']",0
"['absolut', 'incred', 'film', '']",1
['masterpiec'],1
"['', 'rememb', 'bilbo', 'use', 'say', '', 's', 'danger', 'busi', 'frodo', '', 'go', 'door', '', '']",1
"['amaz', 'begin', 'trilog', '', 'amaz', 'end', 'movi', '']",0
"['fantasi', 'motion', 'pictur', 'rule', '']",1
"['part', 'one', '', 'help', '', 'even', 'imposs', 'achiev']",1
"['absolut', 'game', 'changer']",1
"['wow', '']",1
"['one', 'best', 'film', 'ever', 'made', '']",1
"['begin', '']",1
"['embrac', 'magic']",1
"['one', 'ring', 'three', 'movi', 'rule', '']",1
"['may', 'forgotten', 'good']",1
"['rpg', 'game', '', 'movi']",1
['masterpiec'],0
"['nt', 'know', 'could', 'much', 'better']",1
"['unbeliev', 'good', 'stand', 'test', 'time']",1
['excel'],1
"['truli', 'except', 'film']",1
"['girl', 'nt', 'enjoy', 'western', 'much', '', 'one', 'greatest', 'film', 'ever', '']",1
"['brutal', '', 'brilliant', '', 'one', 'best', 'western', 'ever', 'made']",1
"['sergio', 'leon', 's', 'penultim', 'italianwestern', '', 'film', 'get', 'better', 'pass', 'year', '']",1
"['', 'two', 'kind', 'peopl', 'world', '', 'friend', '']",1
"['good', '', 'better', '', 'best']",0
"['greatest', 'great', '']",1
"['cinemat', 'masterpiec', '', 'also', 'entertain', 'western', 'time']",1
"['best', 'western', 'ever', 'made']",1
"['king', 'cool']",1
"['made', 'love', 'western', '', 'brilliant', '', '']",1
"['primal', 'honesti', 'moral']",1
"['got', 'quentin', 'tarantino', 'damn', 'excit', '']",1
"['film', 'make', 'highest', 'order']",1
"['sergio', 'leon', 's', 'visionari', 'film', '']",1
"['good', '', 'better', '', 'best', '']",1
"['western', 'nt', 'get', 'better', '']",1
"['', 'shoot', '', 'shoot', '', 'nt', 'talk', '', '']",1
"['sergio', 'leon', 'highli', 'person', 'filmmak', '']",1
"['sever', 'fist', 'cadav', '']",1
"['best', 'cinemat', 'medit', 'greed', 'sinc', '', 'treasur', 'sierra', 'madr', '', '']",1
"['roy', 'roger', 'meet', 'vatican', 'meet', 'kurosawa']",1
['classic'],1
"['world', 'black', 'white']",1
"['among', 'finest', 'western', '', 'though', 'tast']",0
"['let', 's', 'see', 'world', 'eye', 'forrest', 'gump']",1
"['pure', 'charm']",1
"['opinion', '', 'film', 'touch', 'one', '']",1
"['drop', 'key']",1
"['role', 'innoc', 'posit', 'think', 'thu', 'success', '']",0
"['beauti', 'fabl', 'futur']",1
"['box', 'chocol']",1
"['thirti', 'year', '', 's', 'still', 'wonder', '']",1
"['forrest', 'gump', 'movi', 'masterpiec', 'wo', 'nt', 'forgotten', 'continu', 'inspir']",1
"['puriti', 'innoc', 'retain']",1
"['contemporari', 'classic', '', 'one', 'alltim', 'fave']",1
"['encapsul', '']",1
"['tom', 'hank', 'deliv', 'astound', 'perform', 'forrest', 'gump', '']",1
"['beauti', 'film']",1
"['mama', 'said', '']",1
"['quit', 'possibl', 'best', 'movi', 'ever', 'made', '']",0
"['hand', 'unseen', 'provid']",1
"['one', 'best', 'film', '90', 's']",1
"['life', 'like', 'box', 'chocol', '', 'never', 'truli', 'know', 're', 'gon', 'na', 'get', '', 'forrest', 'gump', 'amaz', '']",1
"['low', 'rate', '', '', '']",1
"['zen', 'forrest', 'gump', '']",1
"['life', 's', 'lesson', 'one', 'movi', '']",1
"['20', 'year', '', 'still', 'love', 'forrest', 'gump', '']",1
"['', 'felt', 'like', 'run', '', '']",1
"['need', 'watch', '']",0
"['great', 'movi', 'watch']",1
['superb'],1
"['crazi', '', 'cult', '', 'plot', 'twist', '', 'awesom', '', 'fight', 'club']",1
"['fincher', 's', 'tour', 'de', 'forc', 'bruis', 'assault', 'sens']",1
"['delight', 'romant', 'comedi']",1
"['welcom', 'movi', 'heaven', '']",1
"['s', 'one', 'best', '']",1
"['actual', 'talk', 'fight', 'club']",1
"['crazi', 'good']",1
"['unpredict', 'movi', '']",1
"['watch', 'movi', '']",1
"['love', 'hate', '', 'person', 'love']",1
"['thing', 'end', 'own', '']",1
"['go', 'complet', 'blind']",1
"['everyon', 's', 'favorit', 'movi', 'besid']",1
"['s', 'hard', 'take', 'eye', 'away']",1
"['watch', 'atleast', 'twice']",1
"['studi', 'philosophi', 'film', 'took', 'ride']",1
['fight'],1
"['danger', 'brilliant', 'film', 'entertain', 'well', 'enlighten', '']",0
"['first', 'review', 'favorit', 'movi', '']",1
"['import', 'movi', '']",1
"['lifechang', 'fight', 'club']",1
"['uniqu', 'film']",1
"['first', 'rule', 'fight', 'club', '', 'never', 'talk', 'overhyp', 'fight', 'club']",1
"['epic', 'everi', 'sens', 'word', '']",1
"['', 's', 'good', 'world', 'mr', 'frodo', '', 's', 'worth', 'fight', '', '']",1
"['great', 'movi']",0
"['absolut', '', 'total', 'fantast', '']",1
"['accomplish', 'nearimposs', '']",1
"['sophomor', 'effort', 'shine', 'brightli', 'first', '']",1
"['magic', 'film', '']",1
"['person', 'favourit', 'trilog']",1
"['stand', 'ovat', 'concern', '']",1
"['one', 'best', 'battl', 'sequenc', '']",1
"['helm', 's', 'deep', 'could', 'greatest', 'battl', 'sequenc', 'time', '']",1
"['preciou', '']",1
"['visit', 'cinema']",1
"['true', 'fantasi', 'movi']",1
"['magnific', 'epic']",1
"['jackson', 'remain', 'geniu', '', 'seri', 'remain', 'masterpiec', '', 'faith', 'enough', 'tolkein', '', 'fantast', 'movi', '']",1
"['hail', 'hero', '']",1
"['fantasi', 'great', 'one', 'best', 'sieg', 'put', 'film']",1
"['two', 'tower', '', '', 'answer', '', 'preciou', '']",1
"['tough', 'put', 'film', 'came', 'well']",1
"['sequel', 'dwarf', 'predecessor', '']",1
"['battl', 'middl', 'earth', 'begin', '']",1
"['greatest', 'three', 'ring']",0
"['filmcreatur', 'review', 'the', 'lord', 'ring', '', 'two', 'tower', '']",1
"['spotlight', 'time', 'movi', 'review', 'would', 'trilogytobeon', 'film']",1
"['oneofakind', 'mindblow', 'masterpiec', '']",1
"['possibl', 'maker', 'understand', 'incred', 'film', '']",1
"['incept', 'less', 'shock', 'matrix']",1
"['answer', 'question', 'one', 'answer', '', 'feel', 'guilt', '', '']",1
"['insan', 'brilliant', '', 'nolan', 'outdon', '', '']",0
"['gener', 'defin', '']",1
"['decad', '', '', 'incept', '', 'may', 'religion']",1
"['mindcraft', '']",1
"['number', 'one', 'favorit', 'movi']",1
['wait'],1
"['amazingli', 'origin', '', 'also', 'bit', 'overwhelm', '']",1
"['scifi', 'perfect', '', 'truli', 'mesmer', 'film', '']",0
"['nt', 'win', 'best', 'pictur', '', '']",1
"['first', 'lesson', 'share', 'dream', '', 'stay', 'calm', '']",1
"['matrix', 'dreamworld', '', 'nah', '']",1
"['incrediblenolan', 'keep', 'improv', 'incept', 'far', 'best', 'improv', '']",-1
"['nolan', 'intellig', 'best', '']",1
"['perfect', 'summer', 'blockbust', '']",1
"['come', 'back', '']",1
"['right', '']",1
"['potpourri', 'vestig', 'review', '', 'buuel', 'meet', 'kubrick', 'nolan', 's', 'ambiti', 'ventur', '', 'till', 'date']",0
"['incept', '', 'christoph', 'nolan', 's', 'masterpiec', '']",1
"['much', 'less', 'intellig', 'seem']",1
"['good', 'idea', 'lost', 'nois']",-1
"['incept', '', 'like', 'insipid']",-1
"['fun', 'origin', 'much', 'better', '', 'darker', 'plot']",-1
"['excel', 'timeless', 'classic', '', 'best', 'sequel', 'time', '']",1
"['enjoy', 'one', 'new', 'hope']",1
"['one', '', 'one', '']",1
"['worthi', 'second', '', '5th', '', '', '', 'star', 'war', 'instal', '', 'might', 'best', 'bunch', '']",0
"['one', 'best', 'film', 'ever', 'made', '']",1
"['best', 'star', 'war', 'film']",1
"['s', 'darkest', 'trilog', '', 's', 'matur']",1
"['even', 'though', 'nt', 'director', 's', 'helm', 'time', '', 'georg', 'luca', 'done', '']",1
"['finest', 'trilog', 'luca', 'nt', 'write', 'script']",1
"['manag', 'even', 'better', 'new', 'hope', '', 'brilliant']",1
"['best', '', 'star', 'war', '', 'film', 'ever', 'made', '']",1
"['among', 'time', 'great', 'scienc', 'fiction', 'movi', 'absolut', 'must', 'see']",1
"['fantast', 'sequel']",1
"['best', 'movi', 'star', 'war']",1
"['darker', 'better', '', 'new', 'hope', '']",1
"['best', 'film', 'origin', 'trilog', '']",1
"['outstand', 'follow', '']",1
"['', 'destini', '']",1
"['star', 'war', '', 'episod', 'v', '', 'empir', 'strike', 'back']",0
"['ca', 'nt', 'make', 'like', '']",1
"['greatest', 'movi', 'ever']",1
"['one', 'best', 'movi', '']",1
['masterpiec'],1
"['star', 'war', 'episod', '5', 'empir', 'strike', 'back']",1
['wow'],1
"['ah', 'ye', '', 'first', 'existenti', 'crisi', '']",1
"['benchmark', 'forev', '']",1
"['timeless', 'classic', '']",1
"['agent', 'smith', '', 'human', 'be', 'diseas', '', 'cancer', 'planet', '', 're', 'plagu', 'cure', '']",1
"['watersh', 'moment', 'filmmak', '', 'kickass', 'masterpiec']",0
"['one', 'best', 'action', 'sci', 'fi', 'action', 'movi', 'time', '']",1
['masterpiec'],1
"['immens', 'entertain', '', 'intriguingli', 'philosoph', 'one', 'best', 'film', 'ever', 'made', '']",1
"['matrix', 'one', 'best', 'classic', 'scifi', 'action', 'film', 'ever']",1
"['scifi', 'action', 'thriller', 'mileston']",1
"['one', 'favorit']",1
"['well', 'written', 'make', 'question', 'realiti', '', '']",1
"['20', 'year', 'releas', '', 'random', 'thought', 'revisit', 'matrix', '', 'spoiler', '', 's', 'still', 'brilliant', '']",1
"['still', 'hip', 'heck', 'even', '20', 'year']",1
"['exhilar', '4dx', 'profound', 'experi', '']",1
"['', 'spoon', 'bend', '', '']",1
"['last', '', 'someth', 'recommend']",1
"['world', 'comput']",1
"['welcom', 'real', 'world', '']",1
"['matrix', '', 'one', 'greatest', 'ever', '', 'leagu', 'shawshank', 'redempt', '', 'interstellar']",1
"['matrix', '', 'well', '', 'one', 'best', 'film', 'ever', '', 'one', 'thing', '']",1
"['benchmark', 'scifi', 'film', 'come']",1
"['wow', '', 'final', 'saw', '']",1
"['almost', 'favorit', 'movi', 'ever', '', 'metaphorsquot', 'known', '']",1
"['one', 'word', '', 'perfect']",1
"['offer', 'ca', 'nt', 'refus', '']",1
"['best', 'mobster', 'film', 'ever', 'made']",1
"['great', 'director', 'peak', 'talent']",1
"['one', 'word', '', 'priceless']",1
"['greatest', 'mob', 'film', 'still', 'today']",1
"['definit', 'film', '1990']",1
"['crimin', 'mindset']",1
"['simpli', 'masterpiec', '', 'scorses', 's', 'last', 'truli', 'great', 'movi', '', 'date', '', '']",1
"['mob', '', 'reveal']",1
"['martin', 'scorses', 's', 'masterpiec', '']",1
"['classic', '', 'durp', '']",1
"['age', 'like', 'fine', 'wine']",1
"['slightli', 'disappoint', 'still', 'good']",1
['icon'],0
"['scorses', 's', 'best']",1
"['good', 'fella', '', 'nt', 'get']",1
"['instant', 'classic']",1
"['classic', 'mobster', 'film', '']",1
"['classic', 'modern', 'day', 'gangster', 'film']",1
"['scorses', 's', 'masterpiec', 'stand', 'test', 'time']",1
"['italian', 'storytel']",1
"['right', 'hail', 'one', 'greatest', 'gangster', 'epic', 'time']",1
"['masterpiec', 'get', 'better', 'new', 'view']",1
"['slick', '', 'flashi', '', 'often', 'brilliant', '', 'yet', 'make', 'give', 'hoot', 'charact']",1
"['spirit', 'freedom', 'vs', 'spirit', 'legal']",0
"['uplift', 'dishearten', '', 'sometim']",0
"['touch', 'move', '', 'great', 'cinemat', 'experi']",1
"['', 'excel', 'movi', '', 'went', 'mind', 'see', 'masterpiec']",1
['masterpiec'],1
"['poetic', '', 'power', '', 'simpl', '', 'great', 'cuckoo', 's', 'nest', '']",1
"['jack', 'nicholson', 'finest']",1
"['jack', 'nicholson', 'final', 'win', 'oscar']",1
"['best', 'film', 'era']",1
"['one', 'greatest', 'time', '']",1
"['great', 'order', 'vs', 'chao', 'tale', 'everyon', 'relat']",1
"['perfect', 'mixtur', 'entertain', 'drama', '']",1
"['crazi', 'hate', 'movi', '', 'movi', 'masterpiec']",1
['extraordinari'],1
"['s', 'easi']",1
"['ultim', 'backfir']",0
"['one', 'flew', 'one', 'best', 'movi', 'ever', 'made', '', '', '', '', 'person', '']",0
"['cool', 'hand', 'jack']",1
"['one', 'greatest', 'ever', 'made']",0
"['get', 'mad', 'want', '', 'realist', '']",1
"['one', 'last', 'antiestablish', 'film', '1970']",1
"['storytel', 'imprison']",1
"['know', 'close', '']",1
"['wonder', 'film']",0
"['m', 'stuck', '', 're', 'stuck', '']",1
"['grim', 'disturb', 'ca', 'nt', 'stop', 'watch']",0
"['brilliant', 'postmodern', 'film', 'noir', 'grim', '', 'intellig', 'disturb']",1
"['still', 'manag', 'astound', '20', 'year', 'repeat', 'view']",1
"['dark', 'disturb', 'thriller', 'stay', 'ever', '']",1
"['s', 'experienc', 'much', 'pain', 'suffer', 'anyon', 've', 'encount', '', 'give', 'take', '', 'still', 'hell', 'look', 'forward', '']",1
"['classic', '']",0
"['probabl', 'greatest', 'murder', 'stori', 'ever']",1
"['dark', 'disturb', 'masterpiec', '']",1
"['one', 'bestmad', 'film', 'era', 'genr']",1
"['top', 'serial', 'killer', 'movi']",1
"['modern', 'masterpiec', '', '']",1
"['stand', 'thriller', 'thank', 'fine', 'cast', '']",1
"['superbl', 'craft', 'drama', 'delv', 'darkest', 'corner', 'psych']",1
"['simpli', 'one', 'darkest', 'best', 'thriller', '1990', 's', '', 'nt', 'let', 'anyon', 'spoil', '']",1
"['david', 'fincher', 'strike', '', 'unwav', 'thriller', 'strike', 'straight', 'heart']",1
"['se7en', 'gruesom', 'chapter', 'killer', 's', 'manifesto', '']",1
"['20', 'year', 'later', '', 'watch']",1
"['fincher', 'finest', '']",1
"['one', 'greatest', 'thriller', 'alltim']",1
"['', 'nt', 'go', 'happi', 'end', '', '']",1
"['beauti', 'dark']",1
"['se7en', 'sin', 'enthral', 'thriller', '']",1
"['900', 'review', '', 'mine', 'hardli', 'necessari', '', '', 'bluray', '', 'excel', 'a10', 'v10']",1
"['fincher', 's', 'se7en', 'classic', 'crime', 'stori', 'rival', 'like', 'silenc', 'lamb']",1
"['dark', '', 'grisli', '', 'highli', 'intellig', 'edgeofyourseat', 'thriller']",1
"['', 'big', 'brother', 'georg', '', 'richest', 'man', 'town', '']",1
"['great', 'influenc', '']",0
"['one', 'quintessenti', 'christma', 'movi', '']",1
"['wonder', 'film', 'timeless', 'classic']",1
"['wonder', 'film', 'watch', '']",1
"['best', 'feel', 'good', 'movi', 'ever', '', 'quit', 'possibl', '']",1
"['s', 'wonder', 'life']",1
"['atop', 'top', 'ten']",1
"['', 'realli', '']",1
"['s', 'offici', 'christma', 'season', 'watch', 'movi']",0
"['one', 'greatest', 'movi', 'ever', 'made', 'cinema', 'histori', '', '']",1
"['movi', '']",1
"['', 'man', 's', 'life', 'touch', 'mani', 'live', '', '']",1
"['nt', 'age']",1
"['great', 'christma', '', 'year', 'round', '', 'movi']",1
"['one', 'beauti', 'movi', 'cinema', 'histori', 'ever']",1
"['enjoy', '', 'hearti', 'well', 'craft']",1
"['magic', '']",1
"['man', 's', 'life', 'touch', 'mani', 'other', '']",1
"['movi', 'ca', 'nt', 'help', 'feel', 'good', '']",1
"['sheer', 'brillianc', '']",1
"['frank', 'capra', 's', 'opu']",1
"['man', 'failur', 'friend']",1
"['wonder', 'experi']",1
"['', 'christma', 'film', '', '']",1
['world'],1
"['visual', 'auditori', 'marvel']",1
['masterpiec'],1
"['possibl', 'best', 'movi', 'time']",1
"['wait', '5', 'year', 'watch']",1
['masterpiec'],0
"['7', 'year', 'later']",1
"['journey', 'across', 'galaxi', 'save', 'human']",1
"['excel', 'movi']",1
"['would', 'rate', '1110']",1
"['absolut', 'brilliant']",1
"['scifi', 'masterpiec']",1
"['visual', 'monument', 'thought', 'scifi', 'epic']",1
"['greatest', 'movi', 'time']",1
"['emot', '', 'beauti', 'journey', 'unknown']",1
"['fascin', 'film']",1
"['visual', 'masterpiec', '']",1
"['interstellar', '', 'openheart', '', 'master', 'human', 'odyssey']",1
"['mayb', 'spectacular', 'movi', '2014', 'one', 'best']",1
"['time', 'travel', 'rel', 'space', 'equilibrium', 'nolan', 's', 'grand', 'space', 'masterpiec']",1
"['amaz', 'drama', 'scifi', 'element', '']",1
"['best', 'movi', 'seen', 'life']",1
"['go', 'brilliantli', '', 'loudli', '', 'dark']",1
"['glad', 'nt', 'watch', 'trailer']",1
"['ve', 'never', 'seen', 'movi', 'good', 'long', 'time']",1
"['solid', 'gold']",1
"['storytel', 'finest']",1
"['kurosawa', 's', 'triumphant', 'epic', 'total', '', 'success', 'driven', 'charact', 'stori']",1
"['memor', 'charact', 'one', 'best', 'action', 'movi', 'time']",0
"['arguabl', '', 'best', 'samurai', 'film', 'ever', 'made']",1
"['kurosawa', 'greatest', 'director', 'ever', 'live']",1
"['requir', 'view']",0
"['shichinin', 'samurai', '', 'simpli', 'outstand']",1
"['nt', 'seen', 'yet', '']",1
"['cinemat', 'masterpiec']",1
"['akira', 'kurosawa', 's', 'seven', 'samurai', '', '', 'timeless', 'masterpiec', 'cinema']",1
"['ahead', 'time', '']",1
"['long', 'sometim', 'hard', 'follow', '']",1
['awesom'],1
"['complex', 'beauti']",1
"['ronin', 'countrysid', '']",1
"['one', 'best', 'movi', 'cinema', 'histori']",1
"['realli', 'great', 'epic', 'film', '', 'beauti', 'told', 'stun', 'act']",1
"['film', 'describ', 'one', 'word', '', 'awesom', '', '']",1
"['solid', 'defens', 'art']",1
"['kurasawa', 's', 'best', 'film']",1
"['brilliant', 'composit', 'plu', 'brilliant', 'act', '', 'brilliant', 'flawless', 'movi', '']",1
"['one', 'influenti', 'movi', 'histori']",0
"['best', 'nonenglish', 'film', 'ever', '', '', '']",1
"['icon', 'influenti', 'movi']",1
"['good', 'notori', 'reput', 'suggest', '']",1
"['drlecter', '', 'd', 'like', 'see', '']",1
"['rare', 'experi', 'dark', 'n', 'twist', 'thriller', 'aid', 'top', 'notch', 'perform', '', 'tight', 'script', 'n', 'direct', '']",1
['class'],1
"['stori', 'charact', 'ca', 'nt', 'forget']",1
"['', 'godfath', '', 'thriller']",1
"['grand', 'thriller']",1
"['rare', 'contend', 'best', 'film', 'time']",1
"['thrill', 'must', 'see']",1
"['truli', 'remark', 'film']",1
"['perfectli', 'execut', 'dramat', 'thriller']",1
"['class', 'act']",1
"['absolut', 'brilliant', '']",1
"['truli', 'enthral', 'film', 'one', 'forget']",1
"['effect', 'thriller', 'ultim', 'overr']",1
"['careless', 'stitch']",-1
"['classic', 'psycholog', '', 'suspens', 'brilliant', '', 'masterpiec', 'best', 'horror', 'thriller', 'ever', 'made', '']",-1
"['one', 'best', 'film', 'ever', 'made', '', 'masterpiec', '']",1
"['granddaddi', 'serial', 'killer', 'flick']",1
"['', 'll', 'help', 'catch', '', 'claric', '', '']",1
"['grip', 'film', 'well', 'deserv', 'oscar']",1
"['somewhat', 'silenc', 'time']",1
"['suspens', 'nt', 'come', 'close', '']",0
"['best', 'serv', 'chill', 'nice', 'chianti']",1
"['one', 'greatest', 'thriller', 'time', '']",1
"['hard', 'rate', '']",1
"['', 'sergeant', '', 'cross', 'strang', 'boundari', '', 'world', 'taken', 'turn', 'surreal', '', '']",0
"['movi', 'grandfath', 'could', 'nt', 'finish']",0
"['war', 'film', 'simpli', 'ca', 'nt', 'miss', '']",1
"['war', 'hell', '', '', 'save', 'privat', 'ryan', '', 'peek', 'gate', 'hade']",1
"['everyth', 've', 'heard', 'true']",1
"['actual', 's', 'pretti', 'good', 'histori']",1
"['strongli', 'act', '', 'power', 'film', 'unashamedli', 'brutal', '']",1
"['agre', '', 'best', 'war', 'movi', 'ever', 'made']",1
"['realist', 'harrow', 'battl', 'scene', 'ever', 'film', '']",1
"['cool', 'rambo', 'wannab']",1
"['one', 'greatest', 'movi', 'ever', 'made', '']",1
"['excel', 'despit', 'spielberg', 'slip', 'sentiment']",0
"['one', 'best', 'war', 'movi', 'ever', 'made']",0
"['horror', 'war']",-1
"['numb', 'experi', 'spr', 'redeem', 'babi', 'boomer', '']",1
"['one', 'outstand', 'movi', 'ever']",1
['breathtak'],1
"['one', 'spielberg', 's', 'haunt', 'visual', 'stun', 'film']",1
"['greatest', 'war', 'movi', 'ever', 'made']",1
"['best', 'movi', 'world', 'war', 'two']",1
"['one', 'best', 'war', 'film', 'ever', 'made', '']",-1
"['wwii', 'film', 'nt', 'get', 'much', 'better']",1
"['fiction', 'ye', 'combat', 'authent', 'genuin', 'real', '']",1
"['amaz', 'battl', 'scene', '', 'subpar', 'stori']",1
"['brazilian', 'masterwork']",1
"['gang', 'rio']",1
"['stun', '', 'everi', 'sens', 'word']",1
"['magnific', '', 'gutwrench', 'utterli', 'compel']",1
"['shock', '', 'stylish', '', 'brutal', 'stori']",1
"['godfath', 'rio']",1
"['s', 'masterpiec', '']",0
"['one', 'best', 'unseen', 'foreign', 'film']",1
['dirti'],1
"['cidad', 'de', 'deu']",1
"['raw', 'cult', 'film']",-1
"['one', 'top', '10']",1
"['', 'sad', '', 'side', 'wonder', 'citi', 'rio', 'de', 'janeiro']",1
"['sprawl', 'crime', 'masterwork', 'brazil']",-1
"['best', 'film', 'ever', 'made']",1
"['', 'one', 'best', 'film', 'll', 'ever', 'see', '', '', '', 'roger', 'ebert', '', 'live', 'hype', '']",1
"['unspar', 'portrait', 'sociopath', 'gener']",-1
['phenomen'],1
"['almost', 'much', 'watch']",1
"['citi', 'god', 'incred']",1
"['excel', 'violent', 'film', 'base', 'real', 'event']",1
"['term', 'moviemak', '', 's', 'noth', 'like', '']",-1
"['horribl', 'movi', 'strongli', 'recommend']",1
"['easili', 'favourit', 'movi', 'time', '']",1
"['gang', 'rio']",1
"['love', 'beauti', '']",0
"['funni', '', 'entertain', '', 'amazingli', 'intens', 'dramat', '']",1
['outstand'],1
"['funni', 'disturb']",-1
"['excel', 'war', 'movi', '']",1
"['satir', 'set', 'concentr', 'camp', '', 'tough', 'hit', 'intern', '', 'thought', 'critic', 'bad', 'tast', '']",1
"['one', 'best', 'movi', 'ever', '']",-1
"['superb', 'tragicomedi']",1
"['aptli', 'name', 'movi', '', 'classic']",1
"['movi', 'hope']",1
"['move', '', 'power', 'war', 'film', '']",1
"['best', 'movi', 've', 'seen', 'long', 'long', 'time']",1
"['best', 'foreign', 'languag', 'film', 'ever', 'seen', '']",1
"['visual', 'stun', '', 'uneven', '', 'second', 'half', 'better', 'first']",1
"['roberto', 'benigni', 'geniu']",0
"['one', 'best', 'movi', 've', 'ever', 'seen']",1
"['beauti', 'film', '', 'entir', 'perfect', 'one']",1
"['slapstick', 'humor', 'holocaust', 'film', '']",0
"['marvel', 'tale', 'likabl', 'jewish', 'protect', 'son', 'wife', 'horrifi', 'concentr', 'camp']",-1
"['', 'noth', 'necessari', 'unnecessari', '', '']",1
"['courag', 'personifi', '', '1010']",1
"['bon', 'giorno', 'principezza', '', '', '', '']",1
"['unlik', 'anyth']",1
"['begnigni', '', 'genio', '', 'begnigni', 's', 'geniu', '']",1
"['', 'find', 'ugli', 'mean', 'beauti', 'thing', 'corrupt', 'without', 'charm', '', 'fault', '', '', '', 'oscar', 'wild', '', 'prefac', '', 'pictur', 'dorian', 'gray', '', '']",1
"['', 'know', 'think', 's', 'power', 'man', '', 'dark', 'scare', 'boss', '']",1
"['one', 'penetr', 'film', 'past', 'sever', 'year', '', '', '', '', '', '', '', '', '']",0
"['m', 'sorri']",1
"['least', 'us']",0
"['incred', 'movi', '']",-1
"['live', 'entir', 'life', 'without', 'see', 'film', '', '', '']",1
"['one', 'kind', 'classic']",1
"['like', 'drink', 'spell']",1
"['movi', 'tear', 'emot', 'anyon', '']",0
['great'],1
"['mix', 'emot', 'drama', 'miracl', '']",1
"['rare', 'gem', 'cast', 'direct', '']",1
"['wonder', 'book', '']",1
"['rest', 'peac', 'michael', 'clark', 'duncan']",1
"['true', 'book', '', 'odd', 'movi', '']",1
"['rest', 'peac', '', 'michael', 'clark', 'duncan', '', 'legend', '']",0
"['warn', 'teamster', '', 'bring', '5', 'hanki']",1
"['stay', 'long', 'time', '']",0
"['movi', 'blew', 'away', '', 'made', 'laugh', '', 'made', 'cri', 'truli', 'understand', 'term', 'sad', '', 'meant']",1
"['film', 'invent', 'creation', 'like', '']",1
"['overlong', '', 'haunt', '', 'thoughtprovok', '', 'move', 'engross']",1
"['supernatur', 'prison', 'drama', 'feather', 'cap', 'involv']",1
"['anoth', 'period', 'prison', 'base', 'darabont', 'masterpiec', '']",1
"['amaz', 'captiv', 'rendit', 'novel', '']",1
"['higher', 'top', '250', '', 'one', 'movi', 'make', 'cri', 'admir', 'creator', 's', 'mind', '', 'true', 'masterpiec']",1
"['note', 'hollywood', '', 'make', 'action', 'film', '']",1
"['movi', 'everyon', 'see', '']",1
"['sequel', 'dream', 'made', '']",1
"['hasta', 'la', 'vista', 'babi']",1
"['termin', 'sequel', '', 'may', 'prove', 'best', 'sequel', 'ever', 'made', '']",1
"['said', 'd', 'back', '', 'certainli', '']",1
"['best', 'action', 'sequel', 'time', 'one', 'best', 'schwarzenegg', 's', 'movi', 'person', 'favorit']",1
['great'],1
"['bigger', '', 'richer', 'sequel', 'everi', 'bit', 'fantast', 'predecessor', 'even', 'surpass', 'area']",1
"['purest', 'form', 'action', 'cinema']",1
"['awesom', 'action', 'sequenc', '', 'terrif', 'sound', 'effect', 'n', 'superb', 'cgi', '', 'chase', 'sequenc', 'awesom', '']",1
"['surpass', 'origin']",1
"['great', 'action', 'much']",1
"['word', 'describ', 'great', 'movi']",1
"['one', 'sequel', 'origin']",1
"['best', 'action', 'film', 'ever', '']",1
"['schwarzenegg', 's', 'best', 'film', '', 'hand']",1
"['push', 'limit', 'great']",1
"['s', 'reason', 'appreci']",1
"['persist', 'personifi', '2', '']",1
"['icon', 'time', 'travel', 'ai', 'rebellion', 'stori', 'greatest', 'action', 'time', '']",1
"['best', 'action', 'film', 'time', '', 'due', 'cgi']",1
"['one', 'best', 'action', 'sci', 'fi', 'movi', 'ever', 'made', '']",1
"['blaze', 'bigbudget', 'scifi', 'thriller', '', 'creativ', '', 'entir', 'experienc', '']",1
"['best', 'movi', 'time']",1
"['one', 'success', 'movi', 'time', '', 'm', 'talk', 'box', 'offic', 'take', '']",1
"['classic', '', 'phenomen', 'arguabl', 'best', 'scifi', 'flick', 'masterpiec', '']",1
"['one', '', 'one', '']",1
"['origin', 'version', 'brilliant', '']",1
"['film', 'chang', 'industri', 'forev', '']",1
"['legendari', 'piec', 'cinema']",1
"['best', 'scifi', 'time', '', 'worst', 'sf', 'time']",1
"['classic', '']",1
"['forc', '', 'alway', '']",1
"['mileston', 'filmmaking', 'superl', 'scifi', 'movi']",1
"['greatest', 'cinemat', 'epic', 'time', 'begin', '']",1
"['began', '', '', '1010']",1
"['galaxi', 'far', 'away', '', 'franchis', 'born']",1
"['long', 'time', 'ago', 'decad', 'without', 'cgi', '']",1
"['1977', '', 'galaxi', 'far', '', 'far', 'away', '']",1
"['great', 'movi', '', 's', 'import']",1
"['never', 'get', 'old']",1
"['cinema', 'classic']",1
"['movi', 'chang', 'life', 'forev', '']",1
"['long', '', 'long', 'wait', 'movi', 'far', '', 'far', 'away']",1
"['lucasian', 'chair', 'entertain', '', 'masterpiec']",1
"['plain', 'fun', '']",1
"['long', 'time', 'ago', 'childhood', 'far', 'away', '']",1
"['great', 'movi', '', 'time']",1
"['landmark', 'space', 'fantasi']",1
"['good', 'mani', 'way']",1
"['time', 'travel', 'classic']",1
"['could', 'anyth', 'fun', '']",1
"['great', 'movi']",1
"['classic', 'masterpiec', 'origin', 'best', 'favorit', 'time', 'travel', 'film', 'time']",1
"['film', 'watch', 'time', 'time', '']",1
"['80', 'classic', 'never', 'disappoint']",1
"['get', 'better', 'age']",1
"['got', 'ta', 'get', 'back', 'time', '', 'get', 'back', 'marti', '']",1
"['huge', 'fun', '']",1
"['time', 'travel', 'movi', 'alway', 'brilliant']",1
"['absolut', 'classic']",1
"['part', '1good', 'graciou', '', 'great', 'ball', 'fire', '']",1
['ador'],1
"['let', 'imagin', 'fli']",1
"['great', 'scott', '', 'back', 'futur', 'great', 'timetravel', 'movi', '']",1
"['lost', 'blockbust']",1
"['121', 'giga', 'watt', 'awesom']",1
"['close', 'get', 'perfect', 'movi']",1
"['typic', '1980', 'film', 'still', 'deliv']",1
"['got', 'ta', 'come', 'back', '']",1
"['proof', 'hollywood', 'capabl', 'put', 'magic', 'film']",1
"['best', 'part', 'best', 'movi', 'ever']",1
"['much', 'fun']",1
"['pure', 'geniu']",1
"['one', 'step', 'masterpiec', '']",1
"['master', 'imax', 'spiderman']",1
"['one', 'best', 'sequel', 'anyth', 'ever', 'made']",1
"['new', 'empir', 'strike', 'back']",1
"['okay', 'peak']",1
"['feel', 'sequel', 'current', 'glitch']",1
"['movi', '2023', 'far', '']",1
"['s', 'good', '', 'still', 'like', 'first', 'one', 'better', '', '', '75', '']",1
"['one', 'overhyp', 'movi', 'ever', 'watch', '']",0
"['perhap', 'everyon', '']",-1
"['across', 'univers', 'fun', '', 'excel', '', 'adventur', '', 'spiderman', 'make', 'connect', 'web', 'wow']",0
"['want', 'love', '', 'like']",1
"['greatest', 'spiderman', 'film', 'ever', '']",0
"['overhyp', 'felt', 'disappoint']",1
"['decent', '', 'nowher', 'good', 'first']",-1
"['multivers', 'open', 'door', 'spidervers']",0
['perfect'],1
"['half', 'movi']",1
"['slow', '', 'overlong', '', 'clich']",0
"['mani', 'theater', 'goer', 'walk', 'end']",-1
['disappoint'],-1
"['wow', '', 'wow', '']",-1
"['audibl', 'groan', 'cinema', 'finish']",1
"['bore', 'death', '']",-1
"['spiderman', '', 'middl', 'spidervers']",-1
"['strang', '', 'touch', 'beauti']",0
"['minor', 'dissent', 'view']",1
"['nt', 'realli', 'know', 'say', '']",-1
"['best', 'anim', 'film', 'seen', '']",0
"['amaz', 'achiev', 'anim', '']",1
"['except', '', 'perhap', 'much', 'casual', 'viewer']",1
"['stun', '', 'intox', '', 'magic', 'masterpiec']",0
['great'],1
"['dub', 'sub', '']",1
"['m', 'confus', '']",0
['overappreci'],0
"['nt', 'fulli', 'get']",-1
"['one', 'greatest', 'movi', 'time']",0
"['audienc', 'even', 'interest', 'film']",1
"['fantast', 'film', '', 'liter', '']",0
"['better', 'disney', 'long', 'shot']",1
"['prepar', 'enchant', '']",1
"['strong', 'opinion', 'movi', 'either', 'way']",1
"['even', 'anim', 'nt', 'thing', '', 'reward', 'movi', '']",0
"['childhood', 'classic']",1
"['disagre', 'gazzer2']",1
['guess'],0
"['', 'finish', 'start', '', 'human', '', '']",-1
"['weird', 'massiv', 'rate']",0
"['ca', 'nt', 'speak', 'origin', 'sub', '', 'dub', 'version', 'bad', 'movi']",-1
"['excel', '', 'depress', '', 'excel']",-1
"['masterpiec', '', 'awesom', 'act', 'brodi', '']",1
"['haunt', 'film', '', 'one', 'wo', 'nt', 'forget']",1
"['astonish', 'film']",1
"['hell', 'back', '']",1
"['', 'musician', 'nt', 'make', 'good', 'conspir', '', '']",1
"['stoic', '', 'haunt', 'tale', 'surviv']",0
"['adrien', 'brodi', 's', 'minimalist', 'act', 'pack', 'maximum', 'emot', 'punch']",-1
"['definit', 'inspir', 'epic', '']",0
"['terrif', 'movi', '', 'relentlessli', 'gritti', 'realist']",1
"['10', '10']",1
"['tour', 'de', 'forc']",1
"['heartfelt', 'enthral']",1
"['haunt', 'masterpiec', 'may', 'abl', 'watch', '']",1
"['brilliantli', 'narrat', '', 'visual', 'stun', '']",1
['survivor'],1
"['lack', 'bit', 'charact', 'develop', 'power', 'expect']",1
"['warsaw', 'fact', '']",0
['unforgett'],0
"['adrien', 'brodi', 'best', '', 'true', 'heartbreak', 'stori', '']",1
"['s', 'captiv', 'film', '']",1
"['good', '', 'imdb', 'voter', 'overr']",1
"['spilzman', '', 'beauti', 'name', 'pianist', '']",0
"['6310', '', 'want', 'like']",1
"['intens', 'biographi', 'polish', 'pianist', 'name', 'szpilman', 'warsaw', 'ghetto']",0
"['one', 'best', 'film', 'decad']",1
"['name', 'genr', '', 'movi', 'cover']",1
"['engag', 'drama', '', 'intellig', 'social', 'aspect']",1
"['meritocraci', '', 's', 'metaphor']",1
"['nt', 'like', 'movi', 'second', 'half']",1
"['thoroughli', 'entertain']",0
"['true', 'masterpiec', '']",1
"['thought', 'might', 'win', 'best', 'foreign', 'movi']",1
['great'],1
"['origin', 'dark', 'comedi', 'class', 'struggl']",1
"['total', 'uniqu']",1
"['achiev', 'jordan', 'peel', 'set', 'us']",1
"['black', 'comedi', 'social', 'inequ']",1
"['multilay', 'portray', 'real', 'korea']",1
"['incred', '']",1
"['brilliant', 'piec', 'art', 'slowli', 'grow', '']",1
"['thi', 'shall', 'ridicul', 'fella', 'bodi', 'odor', '', 'definit', 'deserv', 'best', 'pictur', 'award', '']",1
"['parasit', 'review', '', 'comedi', '', 'drama', '', 'suspens', '', 'ye', '', 'even', 'horror', '']",1
['parasit'],1
"['funni', '', 'turn', 'suddenli', 'twist', '', 'sad']",1
"['lack', 'realist', 'human', 'dimens']",1
"['class', 'struggl', '', 'karl', 'marx', 'victor', 'hugo', '', 'joonho', 'bong']",1
"['', 'make', 'plan', '', 'life', 'never', 'work', 'way', '', '']",-1
"['bong', 's', 'brillianc']",1
"['s', 'littl', 'thing']",1
"['alway', 'hold', 'begin', 'end', '']",1
"['see', '', 'better', 'get']",1
"['movi', 'crossroad', 'time']",1
"['hitchcock', 'masterpiec', '']",1
"['hitchcock', 'herrmann']",0
"['anthoni', 's', 'norman']",1
"['film', 'see', '', 'never', 'forget', '']",1
"['one', 'greatest', 'horrorsuspens', 'film', 'ever', '']",0
"['hithcock', 'masterpiec', 'accomplish', 'perfect', 'movi']",1
"['tight', 'terrifi']",1
"['perkin', 'remark']",1
"['hitchcock', 'one', '']",1
"['good', 'movi', '']",1
"['perkin', 'irreplac', '']",1
"['hitch', 's', 'masterwork']",1
"['chill', '', 'thrill', 'end', '']",0
"['perkin', 'factor']",1
"['dark', 'stormi', 'night', '']",1
"['hitchcock', 'scariest']",0
"['clean', 'mom']",0
"['two', 'word', '', 'hitchcock', 's', 'best', '', '', 'know', 's', 'small', 'feat', '', '']",1
"['unforgett', 'masterpiec']",0
"['hitchcock', 's', '', 'crazi', '', 'film', '']",1
"['one', 'best', 'movi', 'ever', 'made', '']",1
"['weirdest', 'masterpiec', 've', 'seen', 'mani', 'year']",1
[],1
"['bizarr', 'masterpiec']",1
"['turn', 'real', 'poor', 'thing', 'audienc', 'along', '']",-1
"['one', 'strang', 'film', 'ever', 'seen', '', 'love', '']",1
"['unconvent', 'mind']",-1
"['impecc', 'awkward', '', 'satir', 'adventur', 'absurd']",1
"['well', 'act', '', 'beauti', 'photograph', '', 'eccentr', 'stori', 'direct', '', 'ultim', 'captiv', '']",1
"['unforgivingli', 'bizarr', 'chaotic', 'endear']",0
"['fierc', 'origin', 'bit', 'cold']",1
"['liff37', '2023', '', '1']",0
"['wtf', 'watch', '', 'young', 'girl', 'get', 'groom', 'hooker', '']",1
"['nourish', 'great', '']",0
"['pygmalionstein', '']",0
"['poor', 'thing', 'defiantli', 'origin', '', 'visual', 'strike', 'though', 'provok', 'equal', 'measur', '', 'true', 'cinemat', 'masterpiec']",-1
[],1
"['lanthimo', 'charm']",0
"['exactli', 'peopl', 'think', 'hollywood', 'full', 'creep']",1
"['regret', 'watch']",-1
"['women', 's', 'debas', 'rather', 'discoveri', '', 'vile', '', 'deprav', 'gratuit', 'garbag', 'dress', 'feminist', 'frankenstein', 'journey', 'femal', 'empower']",1
"['poor', 'audienc', '']",-1
"['fauxfeminist', '', 'tasteless', 'garbag']",-1
"['love', 'hate', 'stuff', '', '', 'love', '', 'uncomfort', 'love', '']",-1
['bad'],-1
"['', 'poor', 'thing', '', '', 'cinemat', 'triumph', 'dark', 'comedi', 'bold', 'storytel']",-1
"['gigant', 'mess']",1
['yike'],-1
"['bad', 'writer', 'abl', 'continu', 'get', 'hire', 'big', 'budget', 'film', '']",1
"['soni', 'need', 'stop', 'make', 'superhero', 'content']",-1
"['bad', 'superhero', 'movi', '', '', 'one', 'worst', 'pictur', 'ever', '']",-1
"['regret', 'watch', 'film']",-1
"['fifti', 'shade', 'mess']",-1
"['absolut', 'hate', 'soni']",-1
['yike'],-1
['garbag'],-1
"['badli', 'made', '', 'weird', 'film']",-1
"['messi', 'web', 'mediocr']",-1
"['madam', 'pleb']",-1
['doom'],-1
"['s', 'even', 'wors', 'morbiu']",-1
"['soni', 'reach', 'new', 'low', '', 'even', 'possibl', '', '']",-1
"['worst', 'movi', 'ever', 'soni', 'pleas', 'stop', 'stick', 'playstat', '']",-1
['big'],-1
"['yike', '', '', '']",-1
"['webhead', '']",-1
"['', 'would', 'know', 'climb', 'wall', 've', 'never', 'tri', '', '']",-1
"['wors', 'morbiu']",0
"['cw', 'tv', 'pilot', 'nt', 'get', 'pick']",-1
"['amazingli', 'incoher']",-1
"['soni', '', 'pleas', '', 'stick', 'anim', 'spiderman']",-1
"['mix', 'awesom', 'bad']",-1
"['felt', 'like', 'aquaman', 'day', 'disneyland', 'go', 'differ', 'kind', 'movi', 'theme', 'ride']",0
"['end', 'dceu', 'bummest', 'possibl', 'note']",1
"['wow', '', 'complet', 'aw']",-1
"['anyon', 'function', 'brain', '', 'better', 'pass', 'one', '']",-1
"['aquaman', '', 'lost', 'script', '']",-1
"['soul', '', 'purpos', '', 'fun', '']",-1
"['entertain', '', 'noth', 'nt', 'seen']",-1
"['garbag', 'movi', 'throw', 'ocean']",0
"['good', 'enough', '', 'man', '']",-1
"['end', 'stori', 'start']",1
['bore'],-1
"['good', 'first', 'one', '', 'better', 'expect', '']",-1
"['noth', 'stand']",0
"['fail', 'keep', 'head', 'water', '']",-1
"['landman', 'lost', 'kingdom']",-1
"['yeah', 's', 'pretti', 'averag']",0
"['dampen', 'sequel', 'struggl', 'stay', 'afloat', 'familiar', 'water']",0
"['bad', 'seem']",-1
"['worst', 'mainstream', 'movi', 'loooong', 'time']",0
"['fan', 'first', 'film', 'let']",-1
"['battl', 'trident']",-1
"['old', 'dc', 'univers', 'fail', 'end', 'badli', '']",0
['terribl'],-1
"['realli', '']",-1
"['dune', '', 'great', 'modern', 'scifi']",0
"['movi', '2021', '', 'far', '']",1
"['', 'shall', 'know', 'way', 'though', 'born', '', '']",1
"['amaz', 'cinemat', 'experi']",1
['begin'],1
"['villeneuv', 'epic']",0
"['start', 'sensat', '', 'eventu', 'overlong', 'much', 'go', 'littl', 'happen', '']",1
"['darker', 'dune']",-1
"['read', 'book', 'know', 'expect', 'exactli', '', 'love', '']",0
"['dune', 'start']",1
"['lack', 'spice']",0
"['alltim', 'great', 'scienc', 'fiction', 'movi']",-1
"['long', 'wind', 'scene', '', 'slow', 'bore', 'pace']",1
"['might', 'becom', 'masterpiec', '', 'get', 'solid', 'part', '2', '']",-1
"['villeneuv', 's', 'greatest', 'scifi', 'film']",0
"['grandios', 'visual', 'great', 'act', 'littl', 'stori', 'background']",1
"['dream', '']",1
"['bland', 'experi', 'littl', 'go']",1
"['dune', 'endless', 'desert', '']",-1
"['demystifi', 'dune']",0
"['beauti', 'craft', 'movi']",1
"['', 'dune', '', 'make', 'spectacular', 'view', 'experi', '']",1
"['pick', 'poison', '']",1
"['watch', 'differ', 'film', 'everyon', 'els', '']",0
"['anoth', 'origin', 'scifi', 'movi', 'fail']",-1
"['wast', 'premis', '']",-1
"['watch', 'trailer', 'coupl', 'time', '', 's', 'entir', 'movi', '', '', 'realli', '']",-1
['lack'],-1
"['insan', 'stupid', 'script']",-1
"['s', 'like', 'someon', 'ask', 'chatgpt', 'convert', 'amogu', 'real', 'life', 'movi', 'script']",-1
"['great', 'idea', 'poor', 'execut']",-1
"['earli', 'candid', 'worst', 'film', 'year']",-1
"['wast', 'opportun']",-1
"['radiat', 'sick']",-1
"['legitim', 'top', '10', 'worst', 'movi', 've', 'ever', 'seen']",-1
"['iss', 'dissapoint', 'everi', 'level']",-1
"['alway', 'russian', 'portray', 'evil', '']",-1
"['give', 'space', 'moral', 'explor', '', 'need', 'time', 'reach', 'star']",-1
"['2', 'min', 'worth', 'watch', '']",-1
"['easili', 'worst', 'movi', 'outer', 'space', 've', 'ever', 'seen']",-1
"['movi', 'never', 'made', '']",-1
"['wild', 'frighten', '']",-1
"['mediocr', '', 'good', 'premis', '', 'felt', 'lack']",-1
"['space', 'junk']",-1
"['cheap', 'copycat', 'miser', 'fail', 'impress', '']",-1
"['great', 'conceptextrem', 'poor', 'execut']",-1
"['idk', 'folk', 'gave', 'bad', 'review', 'saw', '', '', '', '']",0
"['could', 'much', 'better']",0
"['writer', 'green', 'concept']",0
"['wild', 'ride']",0
"['s', 'cheesi', 'gori', 'action', 'flick', 'deliv', 'promis', '', 'els', 'expect', '', 'life', 'chang', 'experi', '', 'epiphani', '']",0
"['chees', 'blood', 'slime']",-1
"['realli', 'sequel']",-1
"['fun', 'sf', 'b', 'movi']",-1
"['bad', '', 'good', 'filler', 'onetim', 'view']",1
"['realli', 'dongseok', 'movi']",0
"['let', '']",-1
"['water', 'life', '', '']",-1
"['still', 'nt', 'understand', 'lee', 'john', 'wick', 'univers', 'yet']",0
['bad'],1
"['lee', 'get', 'punch', 'undead', '']",0
"['typic', 'dong', 'seok', 'action', 'flick']",0
"['realli', 'fun', '', '', '']",0
"['badland', 'hunter', 'aka', '', 'hwangya', '', 'review']",1
"['terribl', '', 'water', 'action', 'film']",0
"['fun', 'watch', 'cross', 'genr']",-1
"['excel', '']",1
"['typic', 'popcorn', 'flick']",1
"['bad', '']",0
"['absolut', 'wast', 'time', '']",0
"['entertain', '', '']",-1
"['badland', 'hunter', '', 'hwangya', '', '2024']",1
"['fed', 'post', 'apocalypt', 'world']",0
"['badland', 'hunter', '', 'visual', 'strike', 'action', 'spectacl', 'narr', 'shortcom', '']",-1
"['creator', 'use', 'budget', 'master', '', 's', 'without', 'problem']",0
"['creator', 'look', 'great', '', 'stori', 'tire', 'full', 'hole']",0
"['s', '', 'alphi', '']",0
"['visual', 'impress', 'yet', 'narr', 'flaw', 'film']",0
"['technic', 'watchabl', 'emot', 'vacant', '']",0
"['typic', 'formula']",0
"['lot', 'stuff', 'happend', 'end']",0
"['stun', 'visualsgarbag', 'script']",0
"['creator', 'modern', 'take', 'blade', 'runner', 'formula', 'fall', 'short', 'great', 'due', 'miss', 'element']",0
"['state', 'art', 'effect', '', 'hole', 'swiss', 'chees']",0
"['number', 'take', 'man', 'vs', 'robot', 'dystopia']",0
"['good', 'touch', 'underwhelm']",0
"['cinematographi', 'save', 'film', 'horrif', 'storylin', 'cast']",-1
"['good', 'scifi', 'movi']",0
"['ye', 'thank']",1
"['averag', 'best']",1
['disappoint'],0
"['replic', '']",-1
"['great', 'visual', 'act', '', 'sublimin', 'messag']",-1
"['visual', 'masterpiec', '2023']",0
['rubbish'],1
"['confus', 'tone', 'aweinspir', 'visual']",-1
"['beauti', 'direct', '', 'decent', 'written']",0
"['technic', 'marvel']",0
"['thank', 'creator', 'origin', '', 'could', 'grip', 'plot', '']",1
['entertain'],0
"['avg', 'film']",1
['review'],0
"['m', 'blown', 'away', 'great', 'movi']",0
"['realli', 'expect', 'shahid', 'kapoor', '']",1
"['one', 'best', 'movi']",-1
"['shahidkr', 's', 'robot', 'love', 'stori', 'full', 'malfunct', '']",1
"['bug', '', 'romanc']",-1
"['amaz', 'movi']",-1
"['absolut', 'garbag']",1
"['bore', 'extrem', 'illog', 'scrip']",-1
"['true', 'potenti', 'unrealis']",-1
"['aryan', 'born', 'like', '', 'done', 'special', 'cours', 'stupid']",0
"['good', 'effort', 'explor', 'new', 'subgenr', 'good', 'perform']",-1
"['great', 'movi']",1
"['prepar', 'swept', 'feet', '']",1
"['bore', '', 'anoth', 'copi', 'time', 'copi', 'hindi', 'serial']",1
"['delight', 'movi']",-1
"['movi', 'simpli', 'phenomen', '']",1
"['soul', 'satisfiy', 'film']",1
"['robot', 'mein', 'aisa', 'ulza', 'jiya']",1
"['fun', 'refresh']",0
"['film', 'absolut', 'fantast', '']",1
"['robot', 'futur']",1
"['must', 'watch']",0
"['instal', 'weakest', 'seri', 'signific', 'letdown']",1
['par'],-1
"['long', '', 'bore', 'need', '']",-1
"['welcom', '10th', 'annual', 'bore', 'game', '', 'mean', 'hunger', 'game']",-1
"['incred', 'faith', 'book']",-1
['disappoint'],1
"['prequel', 'tri', 'show', 'histori', 'fiction', 'world', '', 'remain', 'somewhat', 'unnecessari', '']",-1
"['sure', 'misfir', '']",-1
"['certainli', 'catch', 'fire', '']",-1
"['pleasantli', 'surpris']",-1
"['ballad', '', 'crass', 'karaok', '']",1
"['hear', 'word', '', 'luci', 'gray', '', 'one', 'time', '']",0
"['bad', 'movi']",0
"['met', 'midnight', 'hang', 'tree']",-1
"['read', 'book', '']",0
"['intrigu', 'enough', 'watch', 'start', 'finish', '', 'good']",0
"['mysteri', '']",0
"['ballad', 'songbird', '', 'snake', '', '2023', '', 'deliv', 'basic', '', 'evolv']",0
"['simpli', 'terribl', '']",0
"['zegler', 'unbear', '']",-1
"['ideal', 'prologu', 'saga']",-1
"['absolut', 'horribl', 'adapt', 'fantast', 'book', '']",0
['disappoint'],-1
['garbag'],-1
"['disappoint', 'lack', 'cohes', 'way', 'much', 'sing']",-1
"['noth', 'origin']",-1
"['rate', 'object']",-1
"['everyth', 've', 'seen', 'done', '', 'blend', 'togeth', '', 'scoop', 'mud']",0
"['embarrassingli', 'bad']",-1
"['want', 'good', 'scifi']",-1
"['someth', 'wrong', 'write', '', 'dialogu', '', 'actingdirect']",-1
"['close', '', 'yet', 'far']",-1
"['get', 'made', '']",0
"['eye', 'candyempti', 'shell']",-1
"['go', '']",-1
"['messi', 'engross']",-1
"['well', '']",-1
"['none', 'make', 'sens']",0
"['realli', 'disappoint']",-1
"['soulless', 'bore']",-1
"['look', 'gorgeou', 'rest', 'lack']",-1
"['rebel', 'moon', '', 'part', '1', '', 'child', 'fire', '', '2023', '', 'zack', 'snyder', '', 'stylist', 'good', '', 'predict', '', 'basic', 'sci', 'fi', 'plot', '', 'need', 'better', 'stori']",0
"['worst', 'film', 'zach', 'snyder', '', 'fail', 'often', '']",0
"['like', '', 'm', 'sure', 'ppl', 'hate']",-1
"['imagin', 'script', 'even', 'kathleen', 'kennedi', 'reject']",-1
"['seven', 'samurai', 'space', '']",-1
"['meh', '', '', '', 'cuff', 'tri']",0
"['entertain', '', 'potenti']",1
"['entertain', 'enough']",1
"['world', 'collaps', 'begun']",1
"['one', 'year', 's', 'best', 'film', '', 'must', 'see', 'franchis', 'fan', 'icon', 'scifi', 'monster', 'entertain', 'everi', 'level', '', 'utterli', 'fantast', '']",1
"['best', 'movi', 've', 'seen', 'theater', 'year']",1
"['never', 'expect', 'godzilla', 'movi', 'deep']",1
"['mayb', 'best', 'godzilla', 'movi', 'sinc', 'origin']",1
['outstand'],1
"['godzilla', 'suppos']",1
"['masterpiec', 'retel', 'classic']",1
"['one', 'best', 'godzilla', 'movi', 'recent', 'time']",1
"['one', 'best', 'iter', 'godzilla', 'ever', 'seen', '', 'seen']",1
"['awesom', 'movi', '']",1
"['good', 'surpris']",1
"['go', 'see', 'movi']",1
"['', 'plu', 'one', 'thousand']",1
"['last', 'time', 've', 'seen', 'well', 'made', 'monster', 'film', '', '']",1
"['minu', 'turn', 'plu']",1
"['felt', 'godzilla', 'movi', 'come', 'stage', 'evolut']",1
"['king', 'come', 'home', 'japan']",1
"['absolut', 'great', 'film']",1
"['differ', 'kind', 'godzilla', 'movi']",1
"['never', 'thought', 'godzilla', 'movi', 'would', 'make', 'cri']",1
"['masterpiec', 'kaiju', 'genr', 'serious', 'rival', '1954', 'origin']",1
"['true', 'godzilla', 'masterpiec', '', '', '']",1
"['amaz', '', '', '']",1
"['one', 'best', 'godzilla', 'movi', 'date', '']",1
"['godzilla', 'awesometacular', '']",1
"['rewatch', 'allegori']",1
"['make', 'think']",1
"['best', 'movi', 'angel', 'studio', 'made', 'yet']",1
"['m', 'gener', 'rate', '', 'solid', '8', '']",1
"['power', 'film', 'everyon']",1
"['religi', 'messag', 'disguis', 'sci', 'fi', 'movi']",1
"['start', 'good', 'shift', 'bad']",-1
"['felt', 'like', 'job', 'watch', 's', 'bad']",-1
"['fascin', 'explor']",-1
"['movi', 'job', 'style', 'dr']",1
"['bad', '', 'mean', 'realli', 'bad', '']",0
"['let', 'convers', 'begin']",-1
"['horribl', '']",0
"['dystopian', 'movi', 'set', 'multivers']",-1
"['entertain', 'differ']",0
"['intrigu', 'blend', 'scifi', 'faith']",1
['horribl'],1
"['deni', 'villanuev', 'convert', 'christian', 'hallmark', '']",-1
"['religi', 'film', 'disguis', 'sci', 'fi']",1
"['expect', 'unexpect', '', 'love', 'movi']",0
"['biggest', 'decept']",1
"['edg', 'seat']",1
"['excel', 'love', 'stori', '']",1
"['dystopian', 'take', 'religi', 'sermon', '']",1
"['dark', 'vs', 'light']",0
"['near', 'futur', '', 'virtual', 'realiti', 'rule', '']",0
"['readi', 'player', 'one', '', 'consider', 'better', 'expect']",0
"['vintag', 'spielberg']",1
"['readi', '', 'set', '', 'go', 'oasi']",1
"['reli', 'heavili', 'empti', 'nostalgia', 'popcultur', 'refer', 'lack', 'engag', 'solid', 'stori', '']",0
"['bare', 'resembl', 'novel']",-1
"['fanservic', '', 'movi']",-1
"['welcom', 'back', 'spielberg']",0
"['instant', 'classic']",1
"['watchabl', '', 'noth', '']",1
"['entertain', 'vr', 'movi', 'ignor', 'realworld', 'problem']",0
"['virtual', 'brilliant', 'easter', 'egg', 'plenti', '']",1
"['captur', 'adventur', 'book', '', 'lack', 'heart', 'charact', 'growth', '']",1
"['book', 'might', 'better', '', 'refer', 'work', 'better', 'screen']",0
"['quit', 'worth', 'watch', '']",1
"['philip', 'k', 'dumb']",1
"['kid', 'enjoy']",0
"['virtual', 'virtuos']",1
"['great', 'movi', 'differ', 'book']",0
"['need', 'say', 'thrill', '', 's', 'm', 'vr', 'fan', '']",1
"['nerd', 's', 'nerd', 'film']",0
"['film', 'equival', 'watch', 'someon', 'els', 'play', 'video', 'game', '']",0
"['spielberg', 's', 'best', 'year', '']",0
"['book', 'charact', 'pop', 'cultur', 'refer', '']",1
"['exercis', 'excess', 'held', 'togeth', 'soulless']",0
[-1  0 -1 ...  1  0 -1],-1
