,Reviews,Labels
0,"['best', 'romant', 'film', 've', 'ever', 'seen']",1
1,"['intrigu', 'adventur', '', 'still', 'miss', 'littl', 'someth', '']",1
2,"['movi', 'fan', 'servic', 'experi', 'futur', 'film']",1
3,"['almost', 'good', '2011', 'movi', '']",-1
4,"['soni', 'need', 'stop', 'make', 'superhero', 'content']",-1
5,"['review', 'got', 'delet', '', '', 'said', 'bad', '', '']",0
6,"['ordinari', '', 'noth', 'extra']",0
7,"['ok', '', 'll', 'confess', '', 'movi', 'definit', 'junk', 'food', 'mind', '', 'like', 'eat', 'twinki', '', 'fun', 'watch']",0
8,"['miss', 'old', 'fast', 'furiou']",-1
9,"['loud', '', 'dumb', 'execut', 'enough', 'flair', 'momentum', 'bore', '', 'hitman', '', 'reboot', 'passabl', 'divers']",0
10,"['stoic', '', 'haunt', 'tale', 'surviv']",0
11,"['good', 'fast', 'pace', 'action', 'movi', '']",1
12,"['cute', 'littl', 'movi']",1
13,"['spi', 'satir', 'gamestyl', 'stori']",1
14,"['one', 'best', 'sequel', 'ever', 'made']",0
15,"['speed', '2', '', 'snooz', 'control']",-1
16,"['liter', 'thought', 'parodi', 'skit', 'snl', '']",-1
17,"['panach', 'elan']",0
18,"['krypto', 'movi', 'need', 'made']",1
19,"['insult', 'millennium', 'seri']",-1
20,"['still', 'good', '', 'good', '']",0
21,"['good', 'idea', '', 'aw', 'execut']",0
22,"['good', 'peopl', '', 'stori', '', 'money', '', '', '', '5', 'stori', 'adapt']",-1
23,"['bold', 'imagin', 'beauti', 'execut', 'exhilar', 'car', 'chase', 'ever', 'done', 'film', 'make', 'unequivoc', 'franchis', 'best', 'thu', 'far']",1
24,['guess'],0
25,"['milli', 'usual', 'good', 'job', 'transfix', 'viewer', 'keep', 'entertain', '']",1
26,"['pygmalionstein', '']",0
27,"['messi', 'web', 'mediocr']",-1
28,"['throw', 'thing', 'wall', 'bad']",-1
29,"['along', 'tim', 'burton', 's', 'batman', 'return', 'best', 'batman', 'movi', 'date', '']",1
30,"['ye', 'stupid', 'funni', '']",0
31,"['funni', 'nostalg', 'adventur']",1
32,"['hilari', '', 'stupid', '', 'lot', 'fun', '']",1
33,"['funni', '', 'funni', 'movi', '', 'rachel', 'mcadam', 'great', '']",1
34,"['uggghhhh', '', 'funni', '', 's', 'depress', '']",-1
35,"['pinnacl', 'flawless', 'film', '']",0
36,"['stay', 'away', 'garbag', 'cost', '', '', '']",-1
37,"['charm', 'film', '', 'good', 'whole', 'famili', '']",1
38,"['expect', 'unexpect', '', 'love', 'movi']",0
39,"['roberto', 'benigni', 'geniu']",0
40,"['phenomen', 'fight', 'choreographi', 'cinematographi', '']",0
41,"['good', 'forgett', '', 'read', 'book', 'vs', '', '']",0
42,"['overnight', 'viral', 'sensat', '']",1
43,"['rebel', 'moon', '', 'part', '1', '', 'child', 'fire', '', '2023', '', 'zack', 'snyder', '', 'stylist', 'good', '', 'predict', '', 'basic', 'sci', 'fi', 'plot', '', 'need', 'better', 'stori']",0
44,"['true', 'classic', '', 'comedi', 'way', '', 'funni']",1
45,"['', 'mib', '', '', 'never', 'ask', '']",-1
46,"['get', 'spend', '', '120000000', 'make', 'film', '', '']",1
47,"['nt', 'rent', 'shawshank', '']",1
48,"['one', 'overhyp', 'movi', 'ever', 'watch', '']",0
49,"['bummer', '']",-1
50,"['watch', 'trailer', 'coupl', 'time', '', 's', 'entir', 'movi', '', '', 'realli', '']",-1
51,['multipaw'],1
52,"['absolut', 'batman', 'anim', 'movi', 'time']",1
53,"['insan', 'stupid', 'script']",-1
54,"['new', 'investig', 'elona', 'holm', '']",0
55,"['worst', 'one', 'yet', '']",-1
56,"['thought', 'decent']",0
57,"['go', 'see', 'might', 'surpris']",0
58,"['color', 'choic', '', 'geniu']",0
59,"['want', '', 'capabl', 'writer']",0
60,"['miss', '', 'magic', '', 'first', '', 'still', 'entertain']",0
61,"['complet', 'garbag']",-1
62,"['everyth', 've', 'ever', 'heard', 'true', '']",1
63,"['empathi', 'weak']",0
64,"['small', 'movi', 'big', 'heart', 'highli', 'underr']",1
65,"['movi', 'made']",-1
66,"['best', 'portray', 'dark', 'knight', '']",1
67,"['averag', 'action', 'movi', '', 'noth', 'noth', 'less']",0
68,"['great', 'anim', 'movi']",1
69,"['dull', '', 'cheap', 'near', 'prequel']",-1
70,"['except', 'pair', 'dice', 'random', '', 'gi', '', 'joe', '', 'label', '', 'assembl', 'everi', 'clich', '', 'sloppili', 'present', '']",-1
71,"['magnific', 'portrait', 'organ', 'crime']",1
72,"['big', 'bounc', 'three', 'deep', 'blue', 'crush', 'sunset']",0
73,"['fun', '', 'charact', 'driven', 'movi', 'work', '', 'even', 'fault', 'definit']",1
74,"['state', 'art', 'effect', '', 'hole', 'swiss', 'chees']",0
75,"['great', 'music', 'peopl', 'nt', 'like', 'music', '']",0
76,"['great', 'influenc', '']",0
77,"['great', 'movi']",0
78,"['blackest', 'night']",0
79,"['anoth', 'american', 'miss']",-1
80,"['alltim', 'prison', 'film', 'classic']",1
81,"['well', 'deserv', 'box', 'offic', 'failur', '']",0
82,"['grimsbi', 'funni', 'one', '']",1
83,"['play', 'game', '', 'still', 'nt', 'like', 'movi', '']",-1
84,"['averag', 'best']",1
85,"['absolut', 'horribl', 'adapt', 'fantast', 'book', '']",0
86,"['pleasantli', 'surpris']",1
87,"['enjoy', 'piec', 'fluff']",0
88,"['way', 'underappreci', 'popcorn', 'flick']",1
89,"['lame', 'men', 'black', 'ripoff', 'sloppiest', 'script', 'ever']",-1
90,"['nostalg', 'meta', 'dumpster', 'fire', 'cash', 'grab', 'disney']",1
91,"['s', 'everi', 'man', '', 'old', 'bag', '', '']",0
92,"['autist', 'review', 'opinion', 'movi', '']",-1
93,['disappoint'],-1
94,"['strang', '', 'touch', 'beauti']",0
95,"['funni', 'disturb']",-1
96,"['4', 'star', 'goe', 'tokyo']",-1
97,"['still', 'nt', 'understand', 'lee', 'john', 'wick', 'univers', 'yet']",0
98,"['anoth', 'kind', '', 'famili', 'movi', '']",1
99,['entertain'],0
100,"['ca', 'nt', 'speak', 'origin', 'sub', '', 'dub', 'version', 'bad', 'movi']",-1
101,"['unconvent', 'mind']",-1
102,"['keep', 'come']",1
103,"['nonsens', 'plot', 'accompani', 'visual', 'splendor', 'world', 's', 'extrem', 'corner', '']",-1
104,"['classic', 'epic', 'comedi', 'much', 'edit']",1
105,"['initi', '', 'nt', 'fan', '', 'realis']",1
106,"['', 'make', 'plan', '', 'life', 'never', 'work', 'way', '', '']",-1
107,"['', '']",-1
108,"['among', 'finest', 'western', '', 'though', 'tast']",0
109,"['technic', 'marvel']",0
110,"['slow', 'part', '', 'entertain', 'overal']",0
111,"['number', '6', 'winner']",1
112,"['walk', 'clich', '']",-1
113,"['fantast', 'fadein', 'fadeout', '', '', '']",1
114,"['slick', '', 'smart', '', 'slim']",1
115,['disappoint'],0
116,"['wild', '', 'crazi', 'ride']",0
117,['expect'],0
118,"['forgot', 'concept', 'stori', '']",-1
119,"['insan', 'brilliant', '', 'nolan', 'outdon', '', '']",0
120,"['well', 'made', 'movi', '', 'decent', 'act', 'perform', '', 'let', 'implaus', 'charact', 'plot', 'turn']",-1
121,"['predict', '', 'deriv', '', 'uninspir']",1
122,"['movi', 'treasur', '', '', '', '', '']",1
123,"['batman', 'mask', 'phantasm', '', 'nt', 'see', 'appeal']",-1
124,"['nitro', 'glycerin']",0
125,"['ballad', 'songbird', '', 'snake', '', '2023', '', 'deliv', 'basic', '', 'evolv']",0
126,"['spoilerfre', 'review']",0
127,"['eye', 'candi', 'nobrain', 'fun', 'watch']",1
128,"['read', 'book', '']",0
129,"['bad', '', 'get', '']",1
130,"['surprisingli', '', 's', 'bad', '', 'guy']",0
131,"['entertain', 'thriller']",-1
132,"['end', 'road', 'begin', 'badli']",-1
133,"['bit', 'lost']",0
134,"['', 'aveng', '', 'meet', '', 'fast', 'furiou', '', 'everyth', 'goe', 'wrong']",-1
135,"['yeah', 's', 'pretti', 'averag']",0
136,"['still', 'funni', 'lot', 'recycl', 'gag', 'first', 'film']",1
137,"['shawshank', 'redeem', 'hollywood']",1
138,"['scifi', 'perfect', '', 'truli', 'mesmer', 'film', '']",0
139,"['evil', 'audaci', '', '', '']",-1
140,"['great', 'cast', '', 'pretti', 'aw', 'movi']",-1
141,"['simpli', 'terribl', '']",0
142,"['get', 'made', '']",0
143,['measur'],1
144,"['janney', 'steal', 'show', '']",0
145,"['week', 's', 'femal', 'assassin']",-1
146,"['bad', 'nt', 'success', 'enough', 'warrrant', 'sequel']",1
147,"['rate', 'could', 'neg', 'number', '']",-1
148,"['amaz', 'heroin']",0
149,"['anim', 'gem', '']",1
150,"['solid', 'entertain']",0
151,"['pet', 'take', 'hero']",1
152,"['uncanni', 'valley']",1
153,"['nerv', '', 'good', 'concept', '', 'poor', 'execut']",0
154,"['felt', 'like', 'aquaman', 'day', 'disneyland', 'go', 'differ', 'kind', 'movi', 'theme', 'ride']",0
155,"['anoth', 'gener', 'hitman', 'stori', 'bad', 'action', '']",1
156,"['8', '12', '10', '', 's', 'good', '']",1
157,"['left', 'furiou']",-1
158,"['dark', 'knight']",0
159,"['favorit', 'batman', 'movi']",1
160,"['weak', 'vehicl']",-1
161,"['oh', 'man', '', 'soooooo', 'hilari', '', '', '']",1
162,"['slow', '', 'depth', '', 'snake', 'eye']",-1
163,"['funni', 'hell']",1
164,"['rate', 'higher', '']",1
165,"['annoy', 'music', 'video', '', 'girl', 'power', '', 'nt', 'make', 'laugh', '', 'cri', '', '']",-1
166,"['legitim', 'top', '10', 'worst', 'movi', 've', 'ever', 'seen']",-1
167,"['good', 'popcorn', 'fun', 'big', 'screen', 'rendit', 'midseventi', 'tv', 'seri']",1
168,"['second', 'life', '', 'second', 'chanc']",1
169,"['great', 'film']",1
170,"['mindless', 'actionlittl', 'plot']",-1
171,['unforgett'],0
172,"['entertain', '', 'noth', 'nt', 'seen']",-1
173,"['one', 'best', 'war', 'movi', 'ever', 'made']",0
174,"['fast', '', 'furiou', '6', 'best', 'film', 'franchis', 'love', 'death', '']",1
175,"['find', 'movi', 'guilti', 'masterpiec', '']",0
176,"['plastic', 'fantast', '', 'bore', 'unbeliev']",-1
177,"['m', 'contrarian', '']",-1
178,"['disney', 'desper', 'pander', 'toward', 'metacommentari', 'pop', 'refer', 'crowd', 'still', 'ca', 'nt', 'stop', 'full']",-1
179,"['yeah', '', 'nah', '']",-1
180,"['turn', 'bond']",0
181,"['king', 'hundr', 'jester']",1
182,"['excel', 'gut', 'bust', 'humor', 'sensit', 'folk', 'stick', 'pg', 'pc']",1
183,"['blue', 'brother', 'god', 's', 'servic', 'cop', 'neonazi', '', '', '']",1
184,"['mechan', '', 'uninspir']",-1
185,"['marvel', 'tale', 'likabl', 'jewish', 'protect', 'son', 'wife', 'horrifi', 'concentr', 'camp']",-1
186,"['watch', 'imax', 'version']",0
187,"['pueril', 'comedi', 'slapstick', '', 'love', '']",1
188,"['comic', 'bad']",-1
189,"['lot', 'stuff', 'happend', 'end']",0
190,"['much', 'cgi', 'annoy', 'joke']",-1
191,"['counsel', 'counselor']",0
192,"['one', 'purist']",-1
193,"['either', 'rais', 'lower', 'bar', 'filth']",0
194,"['suspens', '', 'thrill', 'wellpac', 'underwat', 'adventur', 'diver', 'locat', 'shipwreck', 'treasur', 'drug']",1
195,"['sure', 'fan', 'favorit', '', 'full', 'classic', 'crime', 'fight', 'battl', 'well', 'heartfelt', 'messag']",1
196,['fun'],1
197,"['hell', '', 'blue', 'brother', '', 'the', 'top', '250', '', '']",1
198,"['', 'm', 'convict', 'murder', 'provid', 'sound', 'financi', 'plan', '', '']",1
199,"['movi', 'good', 'kill', 'time', '']",0
200,"['soul', '', 'purpos', '', 'fun', '']",-1
201,"['watchabl', 'big', 'budget', 'hollywood', 'action', '', 'pass', 'time', 'suppos', '']",0
202,"['good', 'origin', 'stori']",-1
203,['classic'],1
204,"['cryptic', 'nothing', '', 'empti', 'personifi', '', 'empti', 'vacant', 'room', 'lost', 'littl', 'repect', 'still', 'megan', 'fox', '']",-1
205,"['spilzman', '', 'beauti', 'name', 'pianist', '']",0
206,"['one', '', 'blue', 'brother']",1
207,"['', 'long', '', 'still', 'manag', 'one', 'funniest', 'quotabl', 'comedi', 'ever']",1
208,"['yawn', '', 'blood', '', 'yawn', '', 'gore', '', 'yawn', '']",-1
209,"['got', 'dizzi', 'watch', 'movi']",-1
210,"['funni', 'hint', 'unpredict']",1
211,"['storywis', 'mediocr', 'movi', '', 'stunt', 'sceneri', 'make', '1', 'hour', '45', 'minut', 'worth', 'watch', 'us', 'enjoy', 'sort', 'thing', '']",0
212,"['realli', 'fun', '', '', '']",0
213,"['webhead', '']",-1
214,"['bore', 'action', 'film', 'person']",-1
215,"['nice', 'car', '']",1
216,"['nonstop', 'gag', '']",1
217,"['gi', 'origin']",0
218,"['lisbeth', 'saland', '', 'righter', 'wrong', '', 'girl', 'dragon', 'tattoo', '']",0
219,"['way', 'batman', 's', 'origin', 'meant', 'told']",1
220,['underr'],1
221,"['ateam', '', 'good', 'bmovi']",1
222,['piti'],-1
223,"['toretto', 'start', 'play', 'rocket', 'leagu', 'middl', 'itali', '']",0
224,"['ryan', 'reynold', 'jeff', 'bridg', 'definit', 'nt', 'make', 'team', 'smith', 'tommi', 'lee', 'jone', '', 'found', 'movi', 'fun', 'enjoy', '']",-1
225,"['like', 'brilliant', 'fourpart', 'episod', 'seri', '', 'lot', 'person', 'wound', 'reveal', '', 'joker', 'boot', '']",1
226,"['excel', 'cinematographyfun', 'remak', '']",1
227,"['into', 'blue', '', 'manag', 'creat', 'excit', 'caribbean', 'vibe', 'stretch', 'popcorn', 'thriller', 'work']",1
228,"['turn', 'real', 'poor', 'thing', 'audienc', 'along', '']",-1
229,"['first', 'great', 'anim', 'batman', 'movi', '']",1
230,"['recent', 'turn', '30', 'day', 'ago', 'realli', 'enjoy', 'leagu', 'superpet']",1
231,"['ripd', 'review']",0
232,"['good', 'see', 'megan', 'fox', '']",1
233,"['piti', 'fool', 'nt', 'enjoy', 'film']",1
234,"['s', '', 'fine', '']",0
235,"['batman', '', 'mask', 'underr', 'classic']",1
236,"['villeneuv', 'epic']",0
237,"['poor', 'audienc', '']",-1
238,"['alltim', 'great', 'scienc', 'fiction', 'movi']",-1
239,"['epic', '', 'master', 'look', 'underground', 'world']",1
240,"['fun', 'movi', 'watch', '']",1
241,"['hail', '', 'hail', 'gang', 's', '', 'minu', 'one']",1
242,['lack'],-1
243,"['big', 'movi', 'fun', 'time', '']",1
244,"['world', 'playground']",1
245,"['re', 'mission', '']",0
246,"['die', 'hard', '', 'continu', 'influenc', 'day', '']",1
247,"['comeon', 'peopl', 's', 'statham', 'movi', '']",1
248,"['slow', '', 'overlong', '', 'clich']",0
249,"['absolut', 'trash']",-1
250,"['funni', 'excit', '', 'wonder', 'flop']",-1
251,"['good', 'enough', '', 'man', '']",-1
252,"['sadli', 'disappoint', '', 'hollow', 'remnant', 'franchis', '', '', '']",-1
253,"['anoth', 'enjoy', 'enola', 'tale', '']",1
254,"['', 'nt', 'pessimist', '', '', 'cool', 'dialog', '']",0
255,"['messi', '', 'weak', 'lack', 'seriou', 'impact', 'seriou', 'crisi', '']",-1
256,"['anoth', 'winner', 'fincher']",1
257,"['seal', 'frisk']",1
258,"['must', 'watch']",0
259,"['tangl', 'spider', 's', 'web']",-1
260,"['myer', 'excel', 'job', 'differ', 'charact']",1
261,"['worst', 'movi', 'ever', 'soni', 'pleas', 'stop', 'stick', 'playstat', '']",-1
262,"['perfect', 'popcorn', 'movi']",1
263,"['need', 'stop']",-1
264,"['bore', 'mediocr']",-1
265,"['requir', 'view']",0
266,"['icon', 'film']",1
267,"['charli', 'would', 'approv', '']",1
268,"['greatest', 'comedi', 'time', '', 'period', '']",1
269,"['best', 'anim', 'film', 'seen', '']",0
270,"['wast', 'opportun']",-1
271,"['nt', 'get', 'wors']",-1
272,['overappreci'],0
273,['disappoint'],-1
274,"['greatest', 'three', 'ring']",0
275,"['silli', '', 'bore', '', 'chaotic', '']",-1
276,['inarticul'],-1
277,"['everyon', 'look', 'pain']",-1
278,"['greatest', 'spiderman', 'film', 'ever', '']",0
279,"['unexpect', 'plot', 'twist', 'end']",1
280,"['greatest', 'comedi', 'ever', 'made', '', 'period', '']",1
281,"['would', 'chang', 'end', '', 'best', 'part', 'book', '', '']",-1
282,"['s', 'hard', 'like', 'girl']",1
283,"['liam', 'gallagh', 's', 'best', 'role', 'date', '']",1
284,"['terribl', '', 'water', 'action', 'film']",0
285,"['like', 'bad', 'tv', 'version', 'da', 'vinci', 'code']",-1
286,"['love', 'good', '', 'game', 'night', '', '']",1
287,"['m', 'sure', 'guinea', 'pig', 'could', 'make', 'anyon', '', '', '']",0
288,"['s', 'offici', 'christma', 'season', 'watch', 'movi']",0
289,"['fantast', 'cast', 'complet', 'wast', 'stupid', 'stori']",-1
290,['icon'],0
291,"['nt', 'expect', 'shakespear', '', 'take', 'sunglass']",0
292,"['amaz', 'begin', 'trilog', '', 'amaz', 'end', 'movi', '']",0
293,"['edg', 'seat', 'thriller']",1
294,"['done', 'done', 'better']",-1
295,"['shawshank', 'redempt']",1
296,"['suppos', 'root', 'snake', 'eye', '']",-1
297,"['memor', 'charact', 'one', 'best', 'action', 'movi', 'time']",0
298,"['ultim', 'backfir']",0
299,"['nt', 'listen', 'bad', 'review', '', 'pretti', 'good', 'comedi']",1
300,"['quit', 'swedish', 'qualiti']",-1
301,"['absolut', 'brilliant', '']",1
302,"['greatest', 'movi', 'time', '']",1
303,"['circl', 'quit', 'golden', '', 'nt', 'collaps']",0
304,"['terribl', 'actual', 'funni']",-1
305,"['prepar', 'move']",1
306,"['one', 'penetr', 'film', 'past', 'sever', 'year', '', '', '', '', '', '', '', '', '']",0
307,"['lesser', 'sequel']",-1
308,"['lanthimo', 'charm']",0
309,"['famili', 's', 'best', 'friend', 'fun', 'movi', 'go']",1
310,"['rest', 'peac', '', 'michael', 'clark', 'duncan', '', 'legend', '']",0
311,"['pointless', 'retread']",-1
312,"['liff37', '2023', '', '1']",0
313,['great'],0
314,"['perfect', '15', 'yro', 'girl']",1
315,"['weird', 'massiv', 'rate']",0
316,"['fool', '', 'fli', 'fall', 'tank', '']",0
317,"['smile', 'almost', 'time']",1
318,"['vacuou', 'unnecessari']",-1
319,"['love', '']",1
320,"['good', 'action', 'film']",1
321,['averag'],0
322,"['pretti', 'ace', 'film', '']",1
323,"['gritti', 'wellmad', 'action', 'thriller', 'solid', 'lead', 'perform', 'allison', 'janney', 'lead']",1
324,"['worst', 'movi', 'ever']",-1
325,"['go', 'flow']",0
326,"['silli', '', 'quit', 'enjoy', 're', 'mood', '']",0
327,"['piti', 'anyon', 'paid', 'cinema', 'price', 'absurd', 'turkey']",-1
328,"['enola', 'holm']",0
329,['cteam'],0
330,"['probabl', 'worst', 'remak', 'ever']",-1
331,"['man', 'golden', 'pun']",0
332,"['learn', 'hold', 'nerv']",1
333,"['lost', 'potenti', 'midway']",1
334,"['superb', 'difficult', '', 'comic', 'book', 'film']",1
335,"['rain', 'nt', 'left', 'africa', '']",0
336,"['wildli', 'hitormiss']",0
337,"['shoddi', 'film', '', 'bad', 'cast', '', 'disrespect', 'sourc', 'materi']",-1
338,"['worst', 'mainstream', 'movi', 'loooong', 'time']",0
339,"['hitchcock', 'scariest']",0
340,['chad'],1
341,"['somewhat', 'gener', 'predict', '', 'still', 'enjoy', '']",1
342,"['monument', 'stupid', '']",-1
343,"['shockingli', 'disappoint', 'final', '', 'taken', '3', '', 'disgrac', 'star', 'liam', 'neeson', 'appal', 'display', 'inept', 'director', 'olivi', 'megaton']",-1
344,"['surprisingli', 'funni']",1
345,"['one', 'greatest', 'movi', 'time']",0
346,"['need', 'sequel', '', 'movi', 'surviv', 'time', 'test', '', 'joy', 'watch', 'even', 'year']",1
347,"['life', 'hand', 'boom', 'boom', 'lemon']",1
348,"['hate', 'movi', '', 'let', 'count', 'way', '']",-1
349,"['dune', 'endless', 'desert', '']",-1
350,"['mr', 'mojo', 'rise']",1
351,"['counselor', '', 'shakespearean', 'tragedi', 'greed', 'desper', '']",-1
352,"['', 'think', 'destin', 'forev', '', '']",0
353,"['', 'come', '', 'let', 's', 'one', 'big', 'adventur', '', '']",0
354,"['suspens', 'edg', 'seat', 'ever', 'turn']",1
355,"['good', 'movi']",1
356,"['', 'go', 'prison', 'learn', 'crook', '']",1
357,"['plenti', 'action', '', 'good', 'photographi', '']",1
358,"['great', 'look', '', 'dull', 'dishwat', '']",0
359,"['s', 'origin', 'film', '', 'origin', 'miss', '']",-1
360,"['better', 'attempt', 'quit']",-1
361,"['critiqu', 'critic']",1
362,"['lot', 'fun', '']",1
363,"['speed', '2', 'lost', 'control']",-1
364,"['wors', 'morbiu']",0
365,"['aw', 'camera', '', 'edit', 'direct', 'senseless', 'plot']",-1
366,"['poor', 'copi', 'kurt', 'russel', 's', 'movi', '', 'breakdown', '']",1
367,"['anoth', 'unorgin', 'netflix', 'origin']",-1
368,"['agent', '47']",0
369,"['ye', '', 's', 'loud', 's', 'incred', 'comedi', 'classic']",1
370,"['amazingli', 'faster', 'furiou', 'ever']",1
371,"['definit', 'interest', 'suspens', 'movi', '', 'lack', 'brillianc', 'hope', '']",1
372,"['godfath', 'make', 'offer', 'refus', '', 'movi', 'masterpiec', '']",1
373,"['star', '', 'jennif', 'garner', '', 'make', 'worthwhil']",1
374,['predict'],-1
375,"['well', 'made', 'action', 'movi', 'air', 'mystiqu']",1
376,"['decent', 'film', 'quiet', 'night']",1
377,"['grim', 'disturb', 'ca', 'nt', 'stop', 'watch']",0
378,"['hot', 'chick', '', 'fast', 'car', '', 'violenc']",0
379,"['third', 'time', 's', 'golden', '', 'babi']",0
380,"['funniest', 'movi', 'time']",1
381,"['charli', 's', 'angel']",0
382,"['funniest', 'move', 'year', 'kill', 'bad', 'market', 'poor', 'studio', 'choic']",1
383,"['lame', '', 'forc', 'comedi', 'fill', 'instantli', 'forgett', 'sequel']",-1
384,"['superior', 'sequel']",1
385,"['visual', 'masterpiec', '2023']",0
386,"['aww', 'yeah', '', 'one', 'best', '']",1
387,"['would', 'expect', '']",1
388,['underr'],1
389,"['hilari', '']",1
390,"['read', 'book', 'know', 'expect', 'exactli', '', 'love', '']",0
391,"['cheaper', 'way', 'get', 'sleep']",-1
392,"['sherlock', 'holm', 'fan', '', 'bad', 'either', '']",0
393,"['familiar', 'assassin', '', 'reveng', 'movi', '', 'work', '']",-1
394,"['ye', '', 've', 'seen', '', 'still', 'edg', 'seat', 'suspens', 'anxieti', '']",-1
395,"['amazingli', 'incoher']",-1
396,"['water', 'version', '', '13', 'sin', '']",-1
397,"['comedi', 'classic', 'still', 'hold', '']",1
398,"['good', 'concept', 'poor', 'film']",-1
399,"['keep', 'get', 'worst', 'worst', '']",-1
400,"['wonder', 'film']",0
401,"['start', 'well', 'get', 'bore']",1
402,"['s', 'bonker', '']",-1
403,"['jennif', 'garner', 'spectacular', 'elektra', '', 'bob', 'sapp', 'rule', '', '']",1
404,"['music', 'video', 'entertain']",-1
405,"['', 'definit', 'film']",1
406,"['matthew', 'maketh', 'mess', '']",-1
407,"['s', 'almost', 'though', 'made', 'terribl', 'movi', 'purpos', '']",-1
408,"['stori', '', '', 'oh', 'predict', '']",-1
409,"['simpli', 'known', '', 'movi', '']",1
410,"['fool', 'number', '1', 'netflix', '']",0
411,"['', 'godfath', '', 'pretti', 'much', 'flawless', '', 'one', 'greatest', 'film', 'ever', 'made']",1
412,['ateam'],1
413,"['personifi', 'everyth', 'hate', 'movi', 'yet', 'oh', 'laugh', '']",0
414,"['classic', 'comedi', 'thriller', 'brilliant', 'dialogu', 'memor', 'charact', '']",1
415,"['actual', 'quit', 'enjoy', 'slick', 'nonsens', 'full', 'beauti', 'peopl']",1
416,"['s', 'masterpiec', '']",0
417,"['cowbel', '', 'less', 'narrat']",0
418,"['offens', 'object', 'aw', 'omg', 'act', '']",1
419,"['empti', 'entertain', '', 'fun', 'sun', '', 'lack', 'creativ', 'breathtak']",-1
420,"['good', '', 'better', '', 'best']",0
421,"['impress', 'action', 'sequenc', 'let', 'almost', 'everyth', 'els', '']",-1
422,"['tarantino', 's', 'mad', '', 'mad', '', 'mad', '', 'mad', 'world', '', '', '']",0
423,"['bad', 'superhero', 'movi', '', '', 'one', 'worst', 'pictur', 'ever', '']",-1
424,"['word', 'seem', 'lose', 's', 'mean', '', 'ill', 'say', '', 'fun']",0
425,"['continu', 'charact', 's', 'stori', 'lightheart', 'manner', 'previou', 'film']",0
426,"['', 're', 'mission', 'god', '']",0
427,"['fastpac', 'forgett', 'addit', 'sherlock', 'cannon']",-1
428,"['utterli', 'routin']",0
429,"['miss', 'goofbal', 'charm']",0
430,"['realli', '']",-1
431,"['thoroughli', 'entertain']",0
432,"['worthi', 'second', '', '5th', '', '', '', 'star', 'war', 'instal', '', 'might', 'best', 'bunch', '']",0
433,"['felt', 'like', 'nostalgia']",1
434,"['well', 'made', '', 'matur', 'entertain']",1
435,"['d', 'expect']",0
436,"['worst', 'remak', 'ever', '']",-1
437,"['film', 'anyth', '']",-1
438,"['wast', 'premis', '']",-1
439,"['pleas', 'make', 'sequel']",1
440,"['fantast', 'conclus', 'great', 'trilog']",0
441,"['demystifi', 'dune']",0
442,"['ravish', 'lethal', 'detect', 'rescu', 'stolen', 'softwar', '']",1
443,"['number', 'take', 'man', 'vs', 'robot', 'dystopia']",0
444,"['disappoint', 'chang', 'end']",-1
445,"['worst', 'film', 'zach', 'snyder', '', 'fail', 'often', '']",0
446,"['straight', 'forward', 'plot', '', 'still', 'enjoy', 'movi', '']",-1
447,"['', 'vehicular', 'warfar', '', '']",1
448,"['watch', 'one', '', 'serious']",-1
449,"['fun', 'fun', 'fun']",1
450,"['creator', 'modern', 'take', 'blade', 'runner', 'formula', 'fall', 'short', 'great', 'due', 'miss', 'element']",0
451,"['nt', 'watch', 'read', 'book', '']",-1
452,"['action', 'fan']",1
453,"['life', 'speed', 'famili', 'two', 'best', 'thing']",1
454,"['one', 'man', 's', 'treasur', 'may', 'belong', 'someon', 'els', '']",0
455,"['take', 'long', 'watch', '']",1
456,"['', 'sergeant', '', 'cross', 'strang', 'boundari', '', 'world', 'taken', 'turn', 'surreal', '', '']",0
457,"['favorit', 'movi', 'time', '']",1
458,"['mad', 'x', '4', 'world', '', 'big', 'w', '', 'wonder', '', 'simpli', 'priceless', '']",1
459,"['might', 'monologu']",1
460,"['good', 'mix', 'previou', 'materi', 'along', 'origin']",-1
461,"['counselor', 'prove', 'talent', 'peopl', 'produc', 'horrend', 'mess']",-1
462,"['heath', 'ledger', 'ledgend', '']",0
463,"['highspirit', '', 'infecti', 'ridicul']",1
464,"['mutil', 'franchis']",-1
465,"['start', 'okay', '', 'quickli', 'turn', 'huge', 'mess']",0
466,"['unexcept', 'taut', '', 'engag', 'enough', 'thriller', '', 'deliv', 'set', '', '']",-1
467,"['movi', 'grandfath', 'could', 'nt', 'finish']",0
468,"['seasick', '', 're', 'one', '']",-1
469,"['plot', '', 'plot', '', 'nt', 'care']",0
470,"['fun', 'cult', 'film', '', 'tad', 'overr']",0
471,"['deserv', 'dreamwork', '', 'next', 'big', 'franchis', '']",1
472,"['gopro', 'red', 'bull', 'decid', 'make', 'film']",0
473,"['tight', 'like', 'tiger']",1
474,"['dazzl', 'confus']",-1
475,"['see', '2', '', 'review', '', 'cash', 'grab']",-1
476,"['bad', '']",0
477,"['incred', 'raunchi', '', 'silli', 'yet', 'laugh', 'time']",1
478,"['solid', 'followup', '2015', 'film']",0
479,"['', '31', '', 'ss', 'trip']",0
480,"['famili', 'entertain']",1
481,"['best', 'movi', 'time']",0
482,"['big', 'giant', 'mess', '']",-1
483,"['convolut', 'equal', 'complex']",-1
484,"['slower', '', 'poorer', '']",-1
485,"['hyperventil', 'watch']",-1
486,"['basic', 'effect', 'thriller']",-1
487,"['nt', 'expect', 'trail', 'bodi', 'previou', 'movi']",-1
488,"['nop', '']",0
489,"['put', 'doa', '', '', 'john', 'wick', '', '', 'nikita', '', 'crank', '', 'blender', 'get', 'kate', '']",0
490,"['could', 'nt', 'even', 'put', 'effort', 'better', 'titl']",-1
491,"['simpli', 'best']",0
492,"['bit', 'bore']",-1
493,"['jason', 'momoa', 'give', 'one', 'embarrass', 'perform', 'film', 'histori']",-1
494,"['good', 'tension', 'build', 'toward', 'end', '', 'worth', 'watch', '']",0
495,"['battl', 'trident']",-1
496,"['made', 'went', 'along', '']",-1
497,"['love', 'hate', 'stuff', '', '', 'love', '', 'uncomfort', 'love', '']",-1
498,"['charact', 'compel', 'interest']",-1
499,"['good', 'second']",0
500,"['nt', 'bad']",0
501,"['terrif', 'hilari', 'spiritu', 'successor', 'roger', 'rabbit', 'shame', 'disney', 'put', 'one', 'theater']",-1
502,"['nt', 'get', 'previou', 'instal', 'well', 'receiv', '', 're', 'utterli', 'stupid', '']",-1
503,"['yike', '', '', '']",-1
504,"['bad', 'review']",-1
505,"['refresh', 'take', 'action', 'thriller']",1
506,"['even', 'liam', 'neeson', 'could', 'save', 'one', '']",-1
507,"['number', 'netflix', 'movi']",1
508,"['reli', 'heavili', 'empti', 'nostalgia', 'popcultur', 'refer', 'lack', 'engag', 'solid', 'stori', '']",0
509,"['still', 'retain', 'humour', '', 'somehow', 'contain', 'less', 'content']",0
510,['wow'],1
511,"['wellact', 'absurd', 'plot']",0
512,"['noth', 'ripoff']",0
513,"['silli', 'entertain', 'mib', '', 'blade', 'runner', 'ripoff']",-1
514,"['visual', 'entertain', 'direct', 'lack', 'plot', 'darker', 'tone', 'dragon', 'tattoo', 'movi', '']",0
515,"['insan', 'fun', 'entic', 'movi']",1
516,"['wonder', 'sequel']",1
517,"['saw', 'trailer', '', 's', 'need', 'watch', 'movi', '']",-1
518,"['surprisingli', 'entertain']",-1
519,"['lowbudget', 'butler', '']",0
520,"['unfortun', '', 'action', 'movi']",-1
521,"['clean', 'mom']",0
522,"['one', 'greatest', 'horrorsuspens', 'film', 'ever', '']",0
523,"['scott', 'dr', '', 'evil', '']",1
524,"['hilari', 'timewast']",0
525,"['dc', 'stirk', '', '']",1
526,"['fun', '', 'entertain', '', 'comedi', 'noisi', 'action', 'nostalg', 'team']",1
527,"['', 'finish', 'start', '', 'human', '', '']",-1
528,"['new', 'level', 'sinist']",-1
529,"['predictableclich', 'watchabl', '']",0
530,"['build', 'upon', 'win', 'blockbust', 'formula', 'fast', 'five', '']",1
531,"['funniest', 'joke', '1990']",1
532,"['absolut', 'wast', 'time', '']",0
533,"['vulgar', '', 'violent', '', 'solidli', 'rrate', 'comedi', 'nevertheless', 'sophist', 'rather', 'gross', '']",1
534,"['film', 'good', 'trap', 'sink', 'ship']",-1
535,['masterpiec'],0
536,"['gutter', '']",-1
537,"['goldmemb', '', '']",1
538,"['might', 'becom', 'masterpiec', '', 'get', 'solid', 'part', '2', '']",-1
539,"['slapstick', 'humor', 'holocaust', 'film', '']",0
540,"['wors', 'jason', 'film', 'ever', '', 'like', 'previou', 'film']",-1
541,"['need', 'sequel', 'control', '']",-1
542,"['nt', 'miss', 'comedi', 'like', '']",1
543,"['wow', '', 'complet', 'aw']",-1
544,"['one', 'record', '']",-1
545,['dreari'],-1
546,"['goofi', '', 'fun', '']",1
547,"['better', 'first', 'one', '']",1
548,"['miss', '', '', 'last', 'seen', 'aliv', '']",-1
549,"['even', 'f', '', 'f', '', 's', 'mess']",-1
550,"['fun', '', 'action', '', 'laugh', '', 'lot', 'crime', 'film', 'homag']",1
551,"['classic', 'piec', 'unforgett', 'filmmak', '']",1
552,"['simpli', 'best']",1
553,"['raw', 'cult', 'film']",-1
554,"['see', '2']",0
555,"['uniqu', 'thriller', 'say', 'least']",1
556,"['wow', '', 'talk', 'low', 'qualiti', 'write', '', '', '']",1
557,"['alway', 'russian', 'portray', 'evil', '']",-1
558,"['nt', 'realli', 'know', 'say', '']",-1
559,"['book', 'might', 'better', '', 'refer', 'work', 'better', 'screen']",0
560,"['enola', 'back']",1
561,"['slightli', 'better', 'first']",1
562,['bad'],0
563,"['dampen', 'sequel', 'struggl', 'stay', 'afloat', 'familiar', 'water']",0
564,"['utterli', 'ridicul', '', '', 's', 'whole', 'point', '']",0
565,"['better', 'titl', 'might', 'sowat', '']",-1
566,"['110', '', 'bewar', 'garbag', '']",-1
567,"['flaw', 'fun']",1
568,"['s', '', 'alphi', '']",0
569,"['one', 'worst', 'sequel', '']",0
570,"['wast', 'opportun']",-1
571,"['austin', 's', 'anatomi']",0
572,"['best', 'batman', 'movi', 'time']",1
573,"['lost', 'plot', '']",-1
574,"['complet', 'underwhelm', '', 'slick', 'product', 'foil', 'weak', 'stori']",-1
575,"['myer', 'geniu']",1
576,"['rather', 'enjoy', '']",1
577,"['entertain', 'thriller']",1
578,"['good', 'first', 'one', '', 'better', 'expect', '']",-1
579,"['satir', 'spi', 'action', 'hijink', '']",-1
580,"['intrigu', 'enough', 'watch', 'start', 'finish', '', 'good']",0
581,"['assassin', 've', 'seen', 'great', 'director', '']",0
582,"['entertain', '', '']",-1
583,"['almost', 'ok', '']",-1
584,"['classic', 'psycholog', '', 'suspens', 'brilliant', '', 'masterpiec', 'best', 'horror', 'thriller', 'ever', 'made', '']",-1
585,"['bad', 'seem']",-1
586,"['wow', '', 'movi', 'bad', '']",0
587,"['far', 'better', 'critic', 'claim']",0
588,"['movi', 'tear', 'emot', 'anyon', '']",0
589,[''],0
590,"['lou', 'everi', 'grandma', '']",-1
591,"['weak', 'fantasi', 'car']",-1
592,"['plagu', 'shaki', 'cam']",-1
593,"['feel', 'like', 'tornado', 'trailer', 'park', '']",-1
594,"['object', 'review']",0
595,"['surprisingli', 'good']",1
596,"['fifti', 'shade', 'mess']",-1
597,"['one', 'best', 'time', '']",0
598,"['uplift', 'dishearten', '', 'sometim']",0
599,"['incred', '', 'thoroughli', 'enjoy', '']",1
600,"['bore', 'non', 'logic', 'film']",-1
601,"['thrill', 'violent', 'pictur', 'sensat', 'liam', 'neeson', 'relentless', 'aveng', 'father']",1
602,"['ca', 'nt', 'find', 'wow', 'factor']",-1
603,"['lusciou', 'ladi', 'red']",0
604,"['dark', 'knight', 'good', 'everyon', 'say', 'easili', 'best', 'superhero', 'film', 'made']",0
605,['bore'],-1
606,"['enjoy', 'movi', 'also', 'littl', 'silli']",0
607,"['sicken', '', 'deprav', '', 'disgust', '', 'hilari', '']",0
608,"['hope', 'set', 'free', 'remark', 'film']",1
609,"['kingsman', 'golden', 'circl', '', 'stuff', 'good', '']",-1
610,"['poorlyscript', 'drug', 'traffick', 'drama']",-1
611,"['film', 'well', 'worth', 'watch']",1
612,"['made', 'wors', 'knowledg', 'brilliant', 'film', 'succe']",-1
613,"['good', 'enough', 'high', 'school', 'movi']",0
614,"['inevit', 'cheeki', 'myer']",1
615,"['complet', 'blew', 'away', '', 'fun', 've', 'theatr', 'far', 'year']",-1
616,"['visual', 'stun', 'everi', 'respect']",1
617,"['run', 'mill', '', 'excit', '']",0
618,"['dead', 'bore', 'first', 'hour', 'impress', 'end']",0
619,"['wow', '', 'wow', '']",-1
620,"['perhap', 'everyon', '']",-1
621,"['golden', 'turkey', 'award', 'nomin']",-1
622,"['near', 'perfect', 'adapt', 'fantasi', 'benchmark']",0
623,"['two', 'movi', 'one']",1
624,"['realli', 'worth', 'rental', '', 'would', 'nt', 'aw', 'rental']",0
625,"['film', 'buff', 'like', '', '']",1
626,"['least', 'us']",0
627,"['feel', 'good', 'comedi', 'spi', 'film', 'lot', 'adventur']",1
628,"['bad', 'action', '', 'stori', 'nt', 'make', 'sens', '']",-1
629,"['watch', 'differ', 'film', 'everyon', 'els', '']",0
630,['taken'],0
631,"['fast', 'x']",0
632,"['idk', 'folk', 'gave', 'bad', 'review', 'saw', '', '', '', '']",0
633,"['horribl', '']",0
634,"['third', 'time', 'charm', '', '', '']",1
635,"['absolut', 'piec', 'crap', 'even', 'end', '', '', '']",-1
636,"['bore', 'death']",-1
637,"['classic', '']",0
638,"['even', 'anim', 'nt', 'thing', '', 'reward', 'movi', '']",0
639,"['across', 'univers', 'fun', '', 'excel', '', 'adventur', '', 'spiderman', 'make', 'connect', 'web', 'wow']",0
640,"['good', 'thing', 'seri', 'end']",-1
641,"['bad', 'guy', 'taught', 'us', 'one', 'thing', '', 'never', 'judg', 'film', 'trailerpost', '']",1
642,"['love', 'enola']",1
643,"['definit', 'inspir', 'epic', '']",0
644,"['none', 'make', 'sens']",0
645,"['judg', '']",0
646,['craptacular'],-1
647,"['thrill', 'ride', 'par', 'excel']",1
648,"['still', 'better', 'la', 'la', 'land', '']",-1
649,"['one', 'favourit', 'movi']",1
650,"['watersh', 'moment', 'filmmak', '', 'kickass', 'masterpiec']",0
651,"['surprisingli', 'good']",1
652,"['think', 's']",1
653,"['boy', 's', 'ponder', 'take', 'girl', 'power']",0
654,"['bore', 'movi', 's', 'style', 'substanc']",-1
655,"['fan', 'milli', 'bobbi', 'brown']",1
656,"['stephen', 'king', 's', 'best', 'adapt', 'movi']",0
657,"['jason', 'bateman', 'shine']",1
658,"['win', 'comedi']",1
659,"['fantast', 'film', '', 'liter', '']",0
660,"['hyperbol', '', 'brandadvertis', 'inordin', 'smug', 'hotchpotch', 'halfbak', 'cash', 'cow']",-1
661,"['disappoint', 'neonoir', 'ridley', 'scott', 'cormac', 'mccarthi']",-1
662,"['recycl', 'old', 'humor', '', 'still', 'fun', '']",1
663,"['fast', '', 'furiou', '6']",1
664,['garbag'],-1
665,"['multirefencialmetafanservic', 'love']",1
666,"['grim', 'good']",1
667,"['unspar', 'portrait', 'sociopath', 'gener']",-1
668,"['style', 'substanc', '']",-1
669,"['lotta', 'nerv']",0
670,"['surprisingli', 'compet', 'charm']",1
671,"['think', 'adult', 'like']",1
672,"['dark', '', 'bleak', 'masterpiec', 'predat', '', '1010']",1
673,"['aw', 'movi', 'disgrac', 'origin', '']",-1
674,"['tarnish', '', 'goldmemb', '', 'still', 'shine']",1
675,"['exactli', 'expect']",1
676,"['austin', 'movi', 'show', 'review']",0
677,"['fun', 'adult', 'well', 'kid', '']",1
678,"['fan', 'first', 'film', 'let']",-1
679,"['one', 'flew', 'one', 'best', 'movi', 'ever', 'made', '', '', '', '', 'person', '']",0
680,"['lack', 'spice']",0
681,"['long', '', 'bore', 'overr']",-1
682,"['point', 'broken']",0
683,"['entertain', '', 'never', 'quit', 'reach', 'height', 'predecessor']",0
684,"['kind', 'movi', 'sleepili', 'lumber', 'stock', 'premis', 'disguis', 'compet', 'lack', 'effort', 'reliabl', 'lead', 'man']",-1
685,['terribl'],-1
686,"['sum', 'part']",1
687,"['swagger', 'action', 'film', 'violent', '', 'fun', '']",1
688,"['everi', 'comic', 'practic', 'everi', 'part', 'world', 'get', 'take', 'lump', '']",1
689,"['', 'nation', 'treasur', '', 'better', 'movi']",-1
690,"['', 'certain', 'advantag', 'sturdi', 'cranium', '', 'master', 'bruce', '', '']",0
691,"['bad', '']",-1
692,"['aquaman', '', 'lost', 'script', '']",-1
693,"['one', 'counsel', '']",0
694,"['technic', 'watchabl', 'emot', 'vacant', '']",0
695,"['could', 'much', '']",0
696,"['jessica', 'alba', 'save', 'movi', 'disast']",-1
697,"['readi', 'player', 'one', '', 'consider', 'better', 'expect']",0
698,"['s', 'cheesi', 'gori', 'action', 'flick', 'deliv', 'promis', '', 'els', 'expect', '', 'life', 'chang', 'experi', '', 'epiphani', '']",0
699,"['great', 'idea', 'poor', 'execut']",-1
700,"['better', 'expect']",1
701,"['review', 'fake', '', 'big', 'name', 'nt', 'help', 'bad', 'movi']",-1
702,"['plotlov', 'need', 'look', 'elsewher']",-1
703,"['fun', '', 'time', 'genuin', 'funni', '', 'alway', 'entertain', '']",1
704,"['inferior', 'sequel', '', 'success', '', 'lack', 'dri', 'wit', 'predecessor', '']",1
705,"['classic', 'll', 'never', 'get', 'tire', 'watch']",1
706,"['still', 'good', 'time', 'waster']",0
707,"['stay', 'long', 'time', '']",0
708,"['world', 'insid', 'underworld', '']",0
709,"['need', 'break', '', 'get', 'break', '']",0
710,"['fun', 'film', 'great', 'time', '']",1
711,['masterpiec'],1
712,"['film', 'great', 'power', 'mileston', 'histori', 'cinema']",1
713,"['', 'famili']",0
714,"['could', 'nt', 'stop', 'laugh']",1
715,"['whackedout', 'comedi', 'lot', 'laugh']",1
716,['disappoint'],-1
717,"['girl', 'bore', 'web']",-1
718,"['obnoxi', 'bad', 'shallow']",-1
719,"['careerlow', 'involv']",-1
720,"['entertain', 'differ']",0
721,"['entertain', 'averag', 'board', 'game']",1
722,"['gi', '']",-1
723,"['awkward', 'sociopolit', 'cring']",-1
724,"['extrem', 'sportsextrem', 'dud']",0
725,"['simpl', 'fun']",1
726,"['quit', 'possibl', 'john', 'landi', 's', 'best', 'film']",1
727,"['face', '', 'noth', 'worri']",0
728,"['call', 'crazi']",0
729,"['aw', 'movi', '']",-1
730,"['much', 'love', 'superpet', '', '', '']",1
731,"['mysteri', '']",0
732,"['fast', 'car', '', 'tank', 'plane', 'oh']",1
733,"['intens', '']",1
734,"['sorri', 'megan']",0
735,"['best', 'film', 'could', 'ask', '', 'ateam', '', 'adapt']",1
736,"['mari', 'elizabeth', 'winstead', 'come', 'littl', 'bit', 'closer', 'favourit']",-1
737,"['mix', 'awesom', 'bad']",-1
738,"['love', 'movi', 'come', 'togeth']",1
739,"['bad', 'bad', 'guy']",1
740,"['anoth', 'film', 'good', 'concept', 'never', 'deliv']",-1
741,"['rather', 'sandra', 'bullock']",0
742,"['problem', '']",0
743,"['excel', '', 'depress', '', 'excel']",-1
744,"['excel', 'despit', 'spielberg', 'slip', 'sentiment']",0
745,"['yeah', '', 'babi', '', '', '', 'one', 'funniest', 'friggin', '', 'movi', 'time']",1
746,"['good', 'origin', 'still', 'entertain']",0
747,"['third', '', 'worst', '', 'langdonhanksbrownhoward', 'film']",-1
748,"['one', 'greatest', 'ever', 'made']",0
749,"['disastr', 'reviv', 'fame', 'disney', 'chipmunk', 'duo']",0
750,['review'],0
751,"['good', 'touch', 'underwhelm']",0
752,"['dune', '', 'great', 'modern', 'scifi']",0
753,"['incept', '', 'like', 'insipid']",-1
754,"['great', 'statham', 'movi', 'lover']",1
755,"['ok', '']",0
756,"['even', 'close', 'bad', 'review', 'made', 'seem', '', 'watch', '', 'make', 'mind', '', 'funni', '', 'entertain', '', 'like', '', 'say', 'b', '']",0
757,"['standard', 'action', 'movi', '']",0
758,"['clair', 'foy', 'lisbeth', 'saland']",0
759,"['m', 'find', 'hard', 'describ', 'amaz', 'movi']",1
760,['overr'],-1
761,[''],0
762,['bang'],0
763,"['big', 'laugh', '', 'big', 'fun', '', 'lot', 'heart', '', 'poor', 'man', 's', 'secret', 'life', 'pet', '']",1
764,"['madam', 'pleb']",-1
765,"['andrew', 'koji', 'steal', 'show']",0
766,"['disappoint', 'limit', 'word', '']",-1
767,"['readi', 'first', 'dare', '']",1
768,"['surprisingli', 'solid', 'movi', 'good', 'messag']",-1
769,"['nourish', 'great', '']",0
770,"['impress', 'even', 'exist']",-1
771,"['fed', 'post', 'apocalypt', 'world']",0
772,"['meh', '', 'meh', '', 'meh']",-1
773,"['take', 'gross', 'new', 'depth']",-1
774,"['love', 'film', '', 'great', 'famili', 'film', '']",1
775,"['last', 'seen', 'aliv']",0
776,"['mysteri', 'thriller', 'set', 'florenc', '', 'venic', 'istanbul', '', 'plenti', 'suspens', '', 'twist', 'turn']",1
777,"['old', 'dc', 'univers', 'fail', 'end', 'badli', '']",0
778,['masterpiec'],0
779,"['poor', 'man', 's', 'daredevil', '']",1
780,"['great', 'anim', 'seri', '']",1
781,"['anoth', 'one', 'sequel']",-1
782,['mistaken'],-1
783,"['foul', 'witless', 'trivial', 'overblown', 'dumb', 'bore', 'rot', 'piffal']",-1
784,"['amaz', 'movi']",1
785,"['noth', 'new', 'spectacular', 'explos']",0
786,"['happen', 'megan', 'fox', '']",-1
787,"['good', 'action', 'movi', '', 'enough', 'michel', 'rodriguez', '']",0
788,"['idl', 'furiou', '', 'need', 'tuneup']",-1
789,"['entertain', 'part', 'movi', 'chatgpt', '1010', 'review']",-1
790,"['give', 'space', 'moral', 'explor', '', 'need', 'time', 'reach', 'star']",-1
791,"['noth', 'agent', '47']",-1
792,['expect'],0
793,"['keep', 'mind', 's', 'adult', '', 'great', 'children', 's', 'film', '']",1
794,"['listen', '', 'm', '51', 'year', 'old', 'male', '']",0
795,"['cw', 'tv', 'pilot', 'nt', 'get', 'pick']",-1
796,"['need', 'watch', '']",0
797,"['', 're', 'go', 'kill', '', '', 'arnold', 'stang', '']",0
798,"['overblown', '', 'superexagger', 'trash', '', 'love', 'everi', 'minut']",1
799,"['m', 'blown', 'away', 'great', 'movi']",0
800,"['netflix', '']",1
801,"['push', 'button', 'mark', 'booz', '']",1
802,"['solidli', 'entertain', 'action', 'movi', '', 'nt', 'think', 'hard', 'plausibl', '']",1
803,"['pure', 'entertain']",1
804,"['entertain', 'vr', 'movi', 'ignor', 'realworld', 'problem']",0
805,"['twist', 'turn', 'around']",1
806,"['nearli', 'bad', 'lot', 'peopl', 'like', 'say', '']",0
807,"['rather', 'entertain', '']",1
808,"['austin', 'power', '', 'spi', 'shag']",0
809,"['s', 'noth', 'grim', '', 'grimsbi', '']",0
810,"['wild', '', 'music', 'comedi', '', 'offer', 'longlast', 'fun', 'excit', '']",1
811,"['villeneuv', 's', 'greatest', 'scifi', 'film']",0
812,"['terribl', 'crappi', 'remak', 'awesom', 'classic', 'film']",-1
813,"['spiderman', '', 'middl', 'spidervers']",-1
814,"['monument', 'film']",0
815,"['movi', 'play', 'card', 'right', '']",1
816,"['landman', 'lost', 'kingdom']",-1
817,['rivet'],1
818,"['happen', 'oncebrav', 'comedian', 'conform', 'mainstream', 'standard']",-1
819,['masterpiec'],1
820,"['better', 'cake']",1
821,"['geatest', 'movi', 'ever', 'made']",1
822,"['', 'would', 'know', 'climb', 'wall', 've', 'never', 'tri', '', '']",-1
823,"['', 'fun', 'famili', '', 'fandom', '', '', '']",1
824,"['throw', 'logic', 'realism']",-1
825,"['good', 'first', 'one', 'good', 'enough']",0
826,"['funni', 'nasti', '', 'rrate', '', 'look', 'stupid', '60']",0
827,"['doa', '', 'woeful', 'mashup', 'men', 'black', 'meet', 'ghost', 'buster', 'attempt', 'new', 'scificomedi', 'franchis', '', 'truli', 'one', 'worst', 'film', 'year', '']",1
828,"['teen', 'flick']",0
829,['senseless'],-1
830,"['predict', '', 'ye', '', 'fun', '', 'ye', '']",0
831,"['blue', '', 'treasur', 'price', '']",0
832,"['enjoy', 're', 'watch', '', 'much', 'make', 'sens']",0
833,"['buffooneri', '', 'goldfing', '', '']",0
834,"['movi', 'review', '', 'game', 'night']",0
835,"['save', 'time']",-1
836,"['mix', 'bag', 'outrag', 'humor']",0
837,"['turkey', 'year']",-1
838,"['', 'game', 'night', '', 'winner', '']",1
839,"['pointless', 'hollow', '', 'budget', 's', 'expand', 'person', 'energi', 'gone']",-1
840,"['return', 'rhode', 'island']",-1
841,"['bad', 'copi']",-1
842,"['good', 'scifi', 'movi']",0
843,"['love', '']",0
844,"['underneath', 'disguis', 'flashi', 'cinemat', 'nois', 'effect', '', 'hitman', '', 'agent', '47', 'sadli', '', 'still', 'misfir', 'corni', 'script', 'abysm', 'plot', '']",-1
845,"['suspend', 'disbelief', 'one', 'thing', '', 'insult']",-1
846,"['actual', 'wors', 'taken', '2', '']",-1
847,"['expect', '', '']",1
848,"['excel', '']",1
849,"['brainless', 'overr', '', 'longest', 'takeoff', 'strip', 'world']",-1
850,"['exactli', 'origin', '', 'still', 'solid', 'watch']",1
851,"['ca', 'nt', 'wait', 'franchis', '']",-1
852,"['', 'end', '', 'good', 'advic']",0
853,"['good', 'exampl', 'bad', 'product']",-1
854,"['pointless', 'break']",-1
855,"['nt', 'enjoy', 'much', 've']",1
856,"['rescu', 'ranger', 'comeback', 'good', 'exampl', 'meta', 'done']",1
857,"['enola', 'holm', '2', 'surpass', 'origin', '']",1
858,"['chill', '', 'thrill', 'end', '']",0
859,"['', 'go', 'show', 'peopl', 'never', 'forget', '', '']",1
860,"['man', 'love', 'movi', '']",1
861,"['dark', 'vs', 'light']",0
862,"['thoroughli', 'enjoy', 'caper']",1
863,['dcu'],1
864,"['s', 'bad', '', 'bad', '', 'bad', '', 'bad', 'movi']",-1
865,"['adrien', 'brodi', 's', 'minimalist', 'act', 'pack', 'maximum', 'emot', 'punch']",-1
866,"['s', 'nut', 'bad', 'movi']",0
867,"['s', 'lot', 'fun', 'watch', 'work']",1
868,"['typic', 'dong', 'seok', 'action', 'flick']",0
869,"['maegan', 'fox', '', 'love']",0
870,"['goldmemb', '', 'pretti', 'good', '']",1
871,"['atroci', 'everi', 'way']",-1
872,"['typic', 'formula']",0
873,"['fun', 'pour', 'acid']",-1
874,['bad'],-1
875,"['fun', 'film']",1
876,"['good', 'mindless', 'entertain', 're', 'tri', 'kill', 'hour', '']",0
877,"['sprawl', 'crime', 'masterwork', 'brazil']",-1
878,"['take', 'mickey', 'disney']",1
879,"['decent', 'action', 'flick', 'great', 'lead', '']",1
880,"['good', 'idea', 'bad', 'execut']",0
881,"['fun', 'entir', 'fam', '']",1
882,"['quit', 'possibl', 'best', 'movi', 'ever', 'made', '']",0
883,"['earli', 'candid', 'worst', 'film', 'year']",-1
884,"['speed', '2', '', 'cruis', 'control']",-1
885,"['physic', 'defi', 'entertain']",1
886,"['fail', 'keep', 'head', 'water', '']",-1
887,"['greatest', 'epic', 'ever', 'made']",0
888,"['fun', 'refresh']",0
889,"['bit', 'mess']",-1
890,"['mainstream', 'comedi', 'done', 'right']",1
891,"['movi', '', 'singl', 'bore', 'second']",0
892,"['kid', 'enjoy']",0
893,"['bad', 'movi']",0
894,"['realli', 'dongseok', 'movi']",0
895,"['fun', 'end']",0
896,"['mostli', 'good', '', 'one', 'scene', 'unnecessari']",0
897,"['overlong', '', 'flashi', 'cgi', 'driven', 'nonsens']",-1
898,"['fun', 'ride', 'escal']",-1
899,"['unforgivingli', 'bizarr', 'chaotic', 'endear']",0
900,"['great', 'visual', '', 'weak', 'script']",-1
901,"['scene', 'movi', 'never', 'unse', '', 'said', '', 'realli', 'realli', 'enjoy', 'recommend', '']",1
902,"['darker', 'dune']",-1
903,"['awesom', '']",1
904,"['worth', 'watch']",1
905,"['silli', 'sequel', '', '10', 'top', 'reason', 'watch', 'crap', '']",-1
906,"['gold', 'littl', 'tarnish']",-1
907,"['enjoy', 'sequel', 'much', 'fun', 'origin']",1
908,"['roger', 'rabbit', '']",-1
909,"['wild', 'ride']",0
910,"['oh', 'ironi', '']",0
911,"['dark', '', 'effect', '', 'taut', '', 'gritti', 'psycho', 'thriller', '', 'crackin', '', 'entertain']",1
912,"['bondlik', 'action', 'thriller']",1
913,"['horribl', 'write']",-1
914,"['statham', 'shoot', '', 'beat', 'peopl', '', 'count', '']",1
915,"['wellpac', 'fun']",1
916,['yike'],-1
917,"['thrill', 'triumphant', 'sequel']",1
918,"['counselor', 'love', 'give', 'one', 'els', 'reason', 'love', '', 'let', 'alon', 'care', '']",-1
919,"['stop', 'cormac', '', 'ridley', 'cameron', 'could', '']",-1
920,"['total', 'disrespect', 'fan']",-1
921,"['mani', 'theater', 'goer', 'walk', 'end']",-1
922,"['break', 'fourth', 'wall', 'femin']",1
923,"['everyth', 'love', '']",1
924,"['good', 'cheesi', 'fun']",1
925,"['pulsat', 'romanc', 'thriller']",1
926,"['s', 'funni', '', 'funni', '', 'funni', '', 'funni', 'movi']",1
927,"['near', 'futur', '', 'virtual', 'realiti', 'rule', '']",0
928,"['regret', 'watch']",-1
929,"['funni', 'even', 'know', 'heart']",1
930,"['big', 'boat', 'full', 'crap']",-1
931,"['spirit', 'freedom', 'vs', 'spirit', 'legal']",0
932,['perfect'],1
933,"['laugh', 'much', 'cinema', 'sinc', 'parol', 'offic']",1
934,"['blast', '']",1
935,"['weakest', 'seri', '', 'myer', 'still', 'mojo']",-1
936,"['lisbeth', 'saland', '', 'action', 'hero', '']",-1
937,"['portrait', 'psychopath', '']",0
938,"['stun', '', 'intox', '', 'magic', 'masterpiec']",0
939,"['blame', 'penguin', '']",0
940,['empti'],-1
941,"['bad', 'end', 'fun', 'trilog']",1
942,"['void', 'car', 'action']",-1
943,"['action', 'franchis', 'nt', 'ga', 'yet']",1
944,"['absolut', 'classic', '', 'best', 'batman', 'movi', 'far']",1
945,"['aryan', 'born', 'like', '', 'done', 'special', 'cours', 'stupid']",0
946,"['badli', 'made', '', 'weird', 'film']",-1
947,"['entertain', 'mysteri', 'thriller', 'remain', 'somewhat', 'predict', 'thank', 'lesser', 'write', '']",-1
948,"['terribl', 'film']",-1
949,"['eccentr', 'cult', 'classic']",1
950,"['could', 'much', 'better']",0
951,"['product', 'interfer', 'ruin', 'end']",-1
952,"['last', '', 'summer', 'film', 'origin']",0
953,"['man', 'know', 'funni']",1
954,"['milli', 'bobbi', 'brown', 'solv', 'dull', 'mysteri', 'netflix', 's', 'disappoint', 'enola', 'holm']",1
955,"['like', 'goooooooold', '', 'member', '']",1
956,"['long', 'wast', 'time']",-1
957,"['fun', 'action', 'sequel', 'jason', 'statham']",0
958,"['vine', 'pokemon', 'go', 'babi', '', 'kardashian', 'godpar']",0
959,"['awesom', 'john', 'stockwel', 'film', 'focus', 'tension', 'around', 'interest', 'marin', 'biologist']",1
960,"['', 'unabl', 'endur', 'boredom', '', 'work', '', '']",-1
961,['disappoint'],-1
962,"['milli', 'enola']",0
963,"['incred', 'slow', '', 'predict', 'noth', 'ordinari', '']",-1
964,"['radiat', 'sick']",-1
965,"['intellig', 'matur', 'batman', 'cartoon']",1
966,"['actual', 'one', '']",0
967,"['simpli', 'amaz', '', 'best', 'film', '90', 's', '']",0
968,"['much', 'better', 'expect']",1
969,['ridicul'],-1
970,"['excruciatingli', 'aw']",-1
971,"['star', 'war', '', 'episod', 'v', '', 'empir', 'strike', 'back']",0
972,"['surprisingli', 'great', 'action', 'adventur', '']",-1
973,"['', 'austin', 'power', '', 'spi', 'shag', '', 'lightheart', 'entertain', 'suppli', 'ton', 'laugh', '']",1
974,"['term', 'moviemak', '', 's', 'noth', 'like', '']",-1
975,"['masterpiec', 'without', 'messag']",0
976,"['movin', '', '']",1
977,"['bad', 'movi', '']",-1
978,"['girl', 'meh', 'movi']",-1
979,"['good', 'aspect', 'realli', 'let', 'fact', 's', 'aim', 'twelv', 'year', 'old', '']",0
980,"['welcom', 'back', 'spielberg']",0
981,"['ll', 'know', 'keanu', 'turn', 'crummi', 'sequel', 'see']",0
982,"['love', 'gold']",0
983,"['good', 'thriller', '']",1
984,"['one', 'greatest', 'moral', 'play', 'time', '']",1
985,"['solid', 'enough', 'chase', 'wood', '', 'thriller']",0
986,"['visual', 'impress', 'yet', 'narr', 'flaw', 'film']",0
987,"['good', 'summer', 'entertain']",1
988,"['iss', 'dissapoint', 'everi', 'level']",-1
989,"['role', 'innoc', 'posit', 'think', 'thu', 'success', '']",0
990,"['satisfi', 'end', 'thrill', 'franchis', '']",0
991,"['hitman', 'movi']",1
992,"['s', 'blue', '']",0
993,"['dire', 'far', 'seriou', 'remak']",0
994,"['ateam', '1000', 'word', '', 'overkil', 'underr']",1
995,"['miser', 'experi', '']",-1
996,"['keanu', 's', 'stunt', 'doubl', '', 'lol']",0
997,"['beauti', 'direct', '', 'decent', 'written']",0
998,"['danger', 'brilliant', 'film', 'entertain', 'well', 'enlighten', '']",0
999,['disast'],-1
1000,"['batman', 'dream', '', 'much', 'comic', 'book', 'movi']",0
1001,"['bad', 'guy', 'good', '']",1
1002,"['none', 'make', 'sens']",-1
1003,"['enough', 'alreadi']",0
1004,"['fauxfeminist', '', 'tasteless', 'garbag']",-1
1005,"['s', 'fun', '']",1
1006,"['love', 'first', 'one', '', 'may', 'think', 'much', 'one']",-1
1007,"['hardcor', 'comedi', 'adult', '']",0
1008,"['clumsi', '', 'rude', 'funni']",0
1009,"['still', 'classic']",1
1010,"['mediocr', 'plot', '', 'overcompens', 'nostalgia']",0
1011,"['total', 'disappoint']",-1
1012,"['seen', 'interest', 'roadkil']",-1
1013,"['ca', 'nt', 'believ', 'crime', 'thriller', 'bore']",-1
1014,"['creator', 'look', 'great', '', 'stori', 'tire', 'full', 'hole']",0
1015,"['godfath', 'part', '2']",0
1016,"['run', 'mil', 'action', 'film']",1
1017,"['bad', 'guy', 'rob', 'box', 'offic', 'best', 'bad', 'guy', 'know', 'm', 'say']",1
1018,"['solid', 'cast', '', 'strong', 'visual', '', 'creativ', 'adventur', '', 'movi', 'deliv', 'front', '']",0
1019,"['feel', 'like', 'kid', 'film']",1
1020,"['get', 'stuck']",-1
1021,"['predic', 'entertain', 'adventur']",0
1022,['heck'],-1
1023,"['whole', 'new', 'stratospher', 'action', '', '', 'f', '', 'f6', '', 'start', 'separ', 'junki', 'need', 'substanc']",1
1024,"['empti', 'calori', '', 'mainli', 'due', 'poor', 'direct']",-1
1025,"['dead', 'presid']",0
1026,"['fun', '', 'feel', 'like', 'fifth', 'film', 'franchis', 'struggl', 'maintain', 'relev', '', 'followup', 'perhap', 'promis', 'new', 'properti', 'hollywood', '']",-1
1027,"['incred', 'movi', '', 'one', 'live', '']",0
1028,"['explos', 'action', 'movi', 'start', 'end', '']",1
1029,['like'],1
1030,"['excel', 'american', 'low', 'budget', 'thriller']",1
1031,"['s', 'even', 'wors', 'morbiu']",-1
1032,"['style', '']",1
1033,"['perhap', 'scott', 's', 'underr', 'film', '']",1
1034,"['watch', 'origin', 'one', 'instead']",-1
1035,"['atroci', 'edit', 'ruin', 'action', 'sequenc', '', 'locat', 'top', 'notch', 'though', '']",-1
1036,"['m', 'confus', '']",0
1037,"['superpet', 'review', '', 'surpris']",1
1038,"['stun', 'visualsgarbag', 'script']",0
1039,"['like', 'dteam']",-1
1040,['weak'],-1
1041,"['averag', 'good', 'action', 'film']",0
1042,"['everyon', 'lifeboat', '', 'women', '', 'children', 'pay', 'moviego', 'first', '']",-1
1043,"['epic', 'comedi']",1
1044,"['movi', 'make', 'pirat', 'caribbean', '', '']",1
1045,"['horribl', 'film', 'action', 'ruin', 'movi']",-1
1046,"['horror', 'war']",-1
1047,"['averag', '', 'unrealist', '']",0
1048,"['one', 'funniest', 'sequel', 'ever', 'made']",1
1049,"['small', 'surpris']",1
1050,"['disappoint', 'unrealist', 'sequel']",-1
1051,"['noth', 'valu', '', 'pretti', 'much', 'templat', 'make', 'bad', 'actionsuperhero', 'movi']",0
1052,"['pure', 'freag', 'paradis', 'freag', 'hot', 'complet', 'beauti', 'jessica', 'alba', '', 'freag', 'hot', 'bikini', '', '', '', '']",1
1053,"['ron', 'howard', 's', 'inferno', '']",-1
1054,"['incrediblenolan', 'keep', 'improv', 'incept', 'far', 'best', 'improv', '']",-1
1055,"['soni', 'reach', 'new', 'low', '', 'even', 'possibl', '', '']",-1
1056,"['brilliantli', 'construct', '']",0
1057,"['nt', 'get']",0
1058,"['teen', 'version', 'guy', 'ritchi', 'genr']",1
1059,"['definit', 'dumb', 'summer', 'fun']",1
1060,"['anoth', 'origin', 'scifi', 'movi', 'fail']",-1
1061,"['aw', 'movi', 'terribl', 'act', 'lousi', 'cgi', 'effect']",-1
1062,"['slick', '', 'enjoy', 'fast', 'pace', 'hilari', 'action', 'movi']",1
1063,"['statham', '', 'alba', '', 'michel', 'yeoh']",1
1064,"['bad', '', 'mean', 'realli', 'bad', '']",0
1065,"['s', 'like', 'someon', 'ask', 'chatgpt', 'convert', 'amogu', 'real', 'life', 'movi', 'script']",-1
1066,"['knew', 'good']",1
1067,"['multivers', 'open', 'door', 'spidervers']",0
1068,"['absolut', 'bizarr', 'age', 'movi']",-1
1069,"['swat', '', 'load', 'rubbish']",-1
1070,"['wonder', 'detect', 'action', 'comedi', 'adult', 'love', 'cartoon']",-1
1071,"['love', 'beauti', '']",0
1072,"['specialeffect', 'extravaganza', '', 'lack', 'stori', 'charact', 'develop', '', 'visual', 'stun', 'surreal', 'atmospher', 'terrif', 'action', 'sequenc', '', 'thumb', '']",-1
1073,"['nt', 'fool', 'high', 'score', 'film', 'suck', '']",-1
1074,"['one', 'best', 'dc', 'film', 'ever']",1
1075,['seen'],0
1076,"['nt', 'fulli', 'get']",-1
1077,"['like', 'first', 'two', 'batman', 'movi', 'definit', 'must', 'see']",1
1078,"['meh', '', '', '', 'cuff', 'tri']",0
1079,"['beauti', 'sceneri', '', 'moder', 'adventur']",1
1080,"['angel', 'fallen', '', 'big', 'time', '']",-1
1081,"['hear', 'word', '', 'luci', 'gray', '', 'one', 'time', '']",0
1082,"['unwatch', 'nonsens', '']",-1
1083,['mess'],-1
1084,"['valiant', 'effort', 'least', '']",-1
1085,"['poor', 'thing', 'defiantli', 'origin', '', 'visual', 'strike', 'though', 'provok', 'equal', 'measur', '', 'true', 'cinemat', 'masterpiec']",-1
1086,['bad'],0
1087,"['inde', 'guy', 's', 'movi', '']",0
1088,['funni'],1
1089,"['s', 'black', 'eye', 'fan', 'origin', 'might', 'given', 'disast', 'chanc']",-1
1090,"['run', 'blockbust', '', 'check', '']",1
1091,"['enthral', '', 'fantast', '', 'intrigu', '', 'truli', 'remark', '']",1
1092,"['unforgett', 'masterpiec']",0
1093,"['bad', '', 'pretti', 'much', 'way', 'look']",-1
1094,"['regret', 'watch', 'film']",-1
1095,"['second', 'vers', '', 'first']",0
1096,"['2', 'year', 'later']",0
1097,"['par', 'origin']",1
1098,"['version', 'see', '']",0
1099,"['offer', 'good', '', 'could', 'nt', 'refus']",1
1100,"['s', 'shagadel', 'babi']",1
1101,"['great', 'sequel', '', '']",1
1102,['note'],0
1103,"['day', 'life', '']",0
1104,"['hitchcock', 'herrmann']",0
1105,['410'],-1
1106,"['intens', 'biographi', 'polish', 'pianist', 'name', 'szpilman', 'warsaw', 'ghetto']",0
1107,"['make', '2007', 'hitman', 'film', 'look', 'like', 'masterpiec', '']",-1
1108,"['return', 'form', 'dreamwork', '']",1
1109,"['big', 'dumb', 'fun', '']",-1
1110,"['awesom', 'twist', 'turn', '']",1
1111,"['first', 'll', 'rub', 'eye', '', 'll', 'need', 'wash']",-1
1112,"['bore', 'death', '']",-1
1113,"['m', 'woman']",0
1114,"['etern', 'hope']",1
1115,"['one', 'best', 'movi', 'ever', '']",-1
1116,"['walk', 'edg', 'abyss', 'everi', 'night', '']",1
1117,"['secret', 'live', 'pet', 'get', 'mix', 'dc', 'univers']",1
1118,"['incoher', 'ridicul']",0
1119,"['drown', 'weight', 'cryptic', 'dialogu', 'abstract', 'storytel', '']",-1
1120,"['solid', 'fun']",1
1121,"['fresh', 'roadkil', '']",0
1122,"['incred', 'movi', '']",-1
1123,"['success', 'surviv', 'film', 'ident']",1
1124,['big'],-1
1125,['masterpiec'],0
1126,"['voic', 'right', 'role']",-1
1127,"['fun', '', 'sweet', 'uplift']",1
1128,"['one', 'influenti', 'movi', 'histori']",0
1129,"['fun', 'origin', 'much', 'better', '', 'darker', 'plot']",-1
1130,"['like', '', '']",1
1131,"['bought', 'condo', '']",-1
1132,"['careless', 'stitch']",-1
1133,"['ok', 'film']",0
1134,"['never', 'give', 'hope']",1
1135,"['good', 'idea', 'lost', 'nois']",-1
1136,"['someth', 's', 'miss']",-1
1137,"['4', 'charasmat', 'lead', 'good', 'chemistri', 'servic', 'noisi', '', 'bloat', 'mess', 'movi', '']",0
1138,"['decent', '', 'nowher', 'good', 'first']",-1
1139,"['s', 'neon', '']",0
1140,"['anoth', 'great', 'spoof', 'movi']",1
1141,"['nysm2', 'liter', 'fatal', 'misdirect', 'littl', 'way', 'fresh', 'excit', '']",-1
1142,"['love', 'hate']",0
1143,"['', 'poor', 'thing', '', '', 'cinemat', 'triumph', 'dark', 'comedi', 'bold', 'storytel']",-1
1144,['beastli'],1
1145,"['neeson', 'continu', 'dynam', 'stealthi', 'aveng', 'bryan', 'mill']",1
1146,"['anoth', 'funni', 'entri', 'seri', '', 'actual', 'favorit', '']",1
1147,"['fun', 'movi', 'base', '1970', 'show']",1
1148,"['movi', 'like', 'ever', 'made', '', 'perman', 'classic', '']",1
1149,"['garbag', 'movi', 'throw', 'ocean']",0
1150,"['caricatur', 'movi']",-1
1151,"['nt', '', 'nt', '']",-1
1152,"['someon', 'found', 'fountain', 'youth', 'dous', 'babi', '', 'caus', 'sure', 'ai', 'nt', 'get', 'old']",0
1153,"['amus', 'adultsonli', 'comedi', '', 'game', 'changer', '']",1
1154,"['amaz', 'batman', 'movi']",1
1155,"['s', 'real']",0
1156,"['killer', 'kate']",0
1157,"['everyth', 've', 'seen', 'done', '', 'blend', 'togeth', '', 'scoop', 'mud']",0
1158,"['fastpac', 'action', '', 'slick', 'screenplay']",-1
1159,"['hit', 'mark']",1
1160,"['ve', 'seen', 'combo']",0
1161,"['simpli', 'brilliantli', 'silli', 'fun', 'make', 'smile', 'everi', 'time', 'watch', '']",1
1162,"['adventur', 'fun']",1
1163,"['effect', 'spoof', 'meninblack', 'genr', '']",1
1164,"['enjoy', 'reboot', 'classic', '80', 'tv', 'seri']",1
1165,"['great', 'perform', '', 'good', 'charact', '', 'decent', 'write']",0
1166,"['imdb', 'greatest', 'film', 'time']",1
1167,"['speed', '2', '', 'snooz', 'control']",0
1168,['disappoint'],-1
1169,"['night', 'game', 'one', 'nt', 'want', 'miss']",1
1170,"['', 'smoke', 'sex', '', '', '', 'nt', 'know', '', 've', 'never', 'look', '']",0
1171,['empti'],-1
1172,"['warsaw', 'fact', '']",0
1173,"['could', 'nt', 'get', '']",-1
1174,"['hilari', 'watch', '']",1
1175,"['soni', '', 'pleas', '', 'stick', 'anim', 'spiderman']",-1
1176,"['good', 'intens', '', 'thriller', 'independ', 'low', 'budget', 'sprinkl', '', 'better', 'night', 'swim', 'sure']",1
1177,"['bird', 'nt', 'meant', 'cage', '']",0
1178,"['kingsman', '', 'golden', 'circl']",0
1179,"['take', 'low', 'road']",-1
1180,"['', 'mechan', 'resurrect', '', 'brainless', 'entertain']",-1
1181,"['', '2', 'imdb', 's', 'top', '100', '', 'multioscarwinn', '1500', 'review', '', 'say', 'movi', '', '']",0
1182,"['good', '']",0
1183,['bad'],1
1184,"['watchabl', 'shallow', 'spinoff']",0
1185,"['legitim', 'hilari', 'comedi', 'surprisingli', 'strong', 'peripher', 'plot', '', 'game', 'night', 'way', 'much', 'fun', 'love']",1
1186,"['shame', 'mcg']",-1
1187,"['target', 'audienc']",-1
1188,['mess'],-1
1189,"['love', 'plan', 'come', 'togeth', '', 'simpl', '', 'short', 'review', '']",1
1190,"['fun', 'movi', 'despit', 'predict', 'plot']",0
1191,"['loner', 'assassin', 'face', 'supernatur', 'warrior', 'impress', 'fight', 'breathtak', 'action']",1
1192,"['one', 'better', 'tvseriestobigscreenadapt']",1
1193,"['electra', 'know', '']",-1
1194,"['s', 'call', 'marin', 'biolog', '']",1
1195,['catastroph'],0
1196,"['m', 'fill', 'vision', 'ocean', '']",1
1197,['aw'],1
1198,"['ah', '', 'rational', '', 'pig', 'better', 'person', '', 'would', 'ceas', 'filthi', 'anim', '', 'true', '']",0
1199,"['last', 'last', 'chapter']",-1
1200,"['episod', 'sequel', 'lack', 'origin', 's', 'themat', 'strength']",-1
1201,"['everyth', 'new', 'old']",0
1202,"['tgchan', 'say', 'no', '', '', '', '', 'wwwtgchanpl']",-1
1203,"['anyon', 'function', 'brain', '', 'better', 'pass', 'one', '']",-1
1204,"['great', 'entertain', 'film']",1
1205,"['potpourri', 'vestig', 'review', '', 'buuel', 'meet', 'kubrick', 'nolan', 's', 'ambiti', 'ventur', '', 'till', 'date']",0
1206,"['intrigu', 'begin', 'quickli', 'drop', 'qualiti']",1
1207,"['comedian', 'caus', 'damag']",0
1208,"['happen', '']",0
1209,"['s', 'realli', 'stupid', 'movi', 'forget', 'add', 'fun', 'thrill']",-1
1210,"['great', 'movi', 'differ', 'book']",0
1211,"['nt', 'enjoy', 'singl', 'second']",-1
1212,"['chip', 'n', 'dale', '', 'rescu', 'ranger']",1
1213,"['taken', '3', '', 'parkinson', '3', '', '', '']",-1
1214,"['term', 'plot', '', 'complet', 'mess']",-1
1215,"['creator', 'use', 'budget', 'master', '', 's', 'without', 'problem']",0
1216,"['one', 'best', 'anim', 'experi']",1
1217,"['crazi', 'plot']",1
1218,"['noth', 'stand']",0
1219,"['', 'angel', 'conclud', 'broadcast', 'day', '']",1
1220,"['ridicul', 'action', 'get', 'tiresom']",-1
1221,['aw'],-1
1222,"['jason', 'bourn', 'older', 'sister']",0
1223,"['absolut', 'hate', 'soni']",-1
1224,"['s', 'good', 'famili', 'fun', '', 'taken', 'serious', '']",1
1225,"['good', 'sequel', 'full', 'twist', 'fun']",1
1226,"['realli', 'aw', '', 'deriv', 'movi', 'sjw', 'superhero']",-1
1227,"['still', 'greatest', 'movi', 'ever', 'made']",0
1228,"['horribl', 'movi']",-1
1229,"['entertain', 'fluff']",0
1230,"['nailbit', 'thriller', 'unstop', 'action', 'jason', 'statham', 'hothead', 'top', 'hitman']",1
1231,"['power', 'masterpiec']",1
1232,"['good', 'one', 'time', 'film', '']",-1
1233,"['writer', 'green', 'concept']",0
1234,"['one', 'best', 'war', 'film', 'ever', 'made', '']",-1
1235,"['gerard', 'butler', 'must', 'owe', 'someon', 'favor']",-1
1236,"['great', 'great', 'great', 'film']",1
1237,"['game', 'set', 'match', '']",1
1238,"['lee', 'get', 'punch', 'undead', '']",0
1239,"['greatest', 'anim', 'batman', 'film', '']",1
1240,"['s', 'dumb', '', 'fun']",0
1241,"['everi', 'man', 'merman']",0
1242,"['austin', 'powersmik', 'meyer', 'back', 'along', 'hilari', 'new', 'charact']",1
1243,"['disappear', 'mind', 'soon', 's']",-1
1244,"['one', 'worst']",-1
1245,"['rubbish', '', '']",-1
1246,"['strike', 'chord', '']",1
1247,"['fun', 'cute']",1
1248,"['plain', 'fun', '']",1
1249,"['suspens', 'nt', 'come', 'close', '']",0
1250,"['unbeliev', '', 'good', 'way']",-1
1251,"['ok', 'worst', 'three']",0
1252,['ateam'],0
1253,"['shawshank', 'redempt']",0
1254,"['complet', 'let']",-1
1255,['yike'],-1
1256,"['overal', '', 'bad', 'film', '', 'worth', 'watch', '']",0
1257,"['better', 'funnier', 'thought', 'would', '', 'let', 's', 'game', 'night', '']",1
1258,"['disappoint', 'predict', 'stori']",-1
1259,['doom'],-1
